alias_name,alias_normalized,node_id,canonical_name,entity_type,cse_symbol
ALLIANCE FINANCE COMPANY PLC,ALLIANCE FINANCE COMPANY PLC,COMPANY::ALLI,ALLIANCE FINANCE COMPANY PLC,LISTED_COMPANY,ALLI
Mr. R.K.E.P. de Silva,R K E P DE SILVA,PERSON::e7289608b1,R K E P DE SILVA,PERSON,
SOFTLOGIC LIFE INSURANCE PLC,SOFTLOGIC LIFE INSURANCE PLC,COMPANY::AAIC,SOFTLOGIC LIFE INSURANCE PLC,LISTED_COMPANY,AAIC
Softlogic Capital PLC,SOFTLOGIC CAPITAL PLC,COMPANY::SCAP,SOFTLOGIC CAPITAL PLC,LISTED_COMPANY,SCAP
Allianz Life Insurance Lanka Limited,ALLIANZ LIFE INSURANCE LANKA LTD,UNLISTED_COMPANY::8ded54d8f5,ALLIANZ LIFE INSURANCE LANKA LTD,UNLISTED_COMPANY,
ARPICO FINANCE COMPANY PLC,ARPICO FINANCE COMPANY PLC,LISTED_COMPANY::fce93b8fd8,ARPICO FINANCE COMPANY PLC,LISTED_COMPANY,
Associated Motor Finance Company PLC,ASSOCIATED MOTOR FINANCE COMPANY PLC,COMPANY::AMF,ASSOCIATED MOTOR FINANCE COMPANY PLC,LISTED_COMPANY,AMF
HNB LIFE PLC,HNB LIFE PLC,COMPANY::HASU,HNB LIFE PLC,LISTED_COMPANY,HASU
Hatton National Bank PLC,HATTON NATIONAL BANK PLC,COMPANY::HNB,HATTON NATIONAL BANK PLC,LISTED_COMPANY,HNB
HNB General Insurance Limited,HNB GENERAL INSURANCE LTD,UNLISTED_COMPANY::13fedb315d,HNB GENERAL INSURANCE LTD,UNLISTED_COMPANY,
HATTON NATIONAL BANK PLC,HATTON NATIONAL BANK PLC,COMPANY::HNB,HATTON NATIONAL BANK PLC,LISTED_COMPANY,HNB
HNB Assurance PLC,HNB ASSURANCE PLC,COMPANY::HASU,HNB LIFE PLC,LISTED_COMPANY,HASU
HNB Finance PLC,HNB FINANCE PLC,COMPANY::HNBF,HNB FINANCE PLC,LISTED_COMPANY,HNBF
Acuity Partners (Pvt) Ltd,ACUITY PARTNERS PVT LTD,UNLISTED_COMPANY::b07be6578c,ACUITY PARTNERS PVT LTD,UNLISTED_COMPANY,
ASIA CAPITAL PLC,ASIA CAPITAL PLC,COMPANY::ACAP,ASIA CAPITAL PLC,LISTED_COMPANY,ACAP
Asia Leisure Holdings (Private) Limited,ASIA LEISURE HOLDINGS PVT LTD,UNLISTED_COMPANY::54e6548c47,ASIA LEISURE HOLDINGS PVT LTD,UNLISTED_COMPANY,
Asia Digital Entertainment (Private) Limited,ASIA DIGITAL ENTERTAINMENT PVT LTD,UNLISTED_COMPANY::2938abde9b,ASIA DIGITAL ENTERTAINMENT PVT LTD,UNLISTED_COMPANY,
AMANA TAKAFUL PLC,AMANA TAKAFUL PLC,COMPANY::ATL,AMANA TAKAFUL PLC,LISTED_COMPANY,ATL
Amana Takaful Life PLC,AMANA TAKAFUL LIFE PLC,COMPANY::ATLL,AMANA TAKAFUL LIFE PLC,LISTED_COMPANY,ATLL
HOUSING DEVELOPMENT FINANCE CORPORATION BANK OF SRI LANKA,HOUSING DEVELOPMENT FINANCE CORPORATION BANK OF SRI LANKA,COMPANY::HDFC,HOUSING DEVELOPMENT FINANCE CORPORATION BANK OF SRI LANKA,LISTED_COMPANY,HDFC
National Housing Development Authority (NHDA),NATIONAL HOUSING DEVELOPMENT AUTHORITY NHDA,GOVERNMENT::01856344c8,NATIONAL HOUSING DEVELOPMENT AUTHORITY NHDA,GOVERNMENT,
CEYLINCO HOLDINGS PLC,CEYLINCO HOLDINGS PLC,COMPANY::CINS,CEYLINCO HOLDINGS PLC,LISTED_COMPANY,CINS
Ceylinco General Insurance Limited,CEYLINCO GENERAL INSURANCE LTD,UNLISTED_COMPANY::3db7069474,CEYLINCO GENERAL INSURANCE LTD,UNLISTED_COMPANY,
Ceylinco Life Insurance Limited,CEYLINCO LIFE INSURANCE LTD,UNLISTED_COMPANY::01960e8d36,CEYLINCO LIFE INSURANCE LTD,UNLISTED_COMPANY,
LANKA VENTURES PLC,LANKA VENTURES PLC,COMPANY::LVEN,LANKA VENTURES PLC,LISTED_COMPANY,LVEN
LVL Energy Fund PLC,LVL ENERGY FUND PLC,COMPANY::LVEF,LVL ENERGY FUND PLC,LISTED_COMPANY,LVEF
LOLC HOLDINGS PLC,LOLC HOLDINGS PLC,COMPANY::LOLC,LOLC HOLDINGS PLC,LISTED_COMPANY,LOLC
Ishara Nanayakkara,ISHARA NANAYAKKARA,PERSON::8fd06f7619,ISHARA NANAYAKKARA,PERSON,
LOLC Finance PLC,LOLC FINANCE PLC,COMPANY::LOFC,LOLC FINANCE PLC,LISTED_COMPANY,LOFC
Brown & Company PLC,BROWN AND COMPANY PLC,COMPANY::BRWN,BROWN AND COMPANY PLC,LISTED_COMPANY,BRWN
COMMERCIAL BANK OF CEYLON PLC,COMMERCIAL BANK OF CEYLON PLC,COMPANY::COMB,COMMERCIAL BANK OF CEYLON PLC,LISTED_COMPANY,COMB
Commercial Bank of Maldives,COMMERCIAL BANK OF MALDIVES,UNLISTED_COMPANY::84e20fef54,COMMERCIAL BANK OF MALDIVES,UNLISTED_COMPANY,
CENTRAL FINANCE COMPANY PLC,CENTRAL FINANCE COMPANY PLC,COMPANY::CFIN,CENTRAL FINANCE COMPANY PLC,LISTED_COMPANY,CFIN
Central Industries PLC,CENTRAL INDUSTRIES PLC,COMPANY::CIND,CENTRAL INDUSTRIES PLC,LISTED_COMPANY,CIND
Nations Trust Bank PLC,NATIONS TRUST BANK PLC,COMPANY::NTB,NATIONS TRUST BANK PLC,LISTED_COMPANY,NTB
E-CHANNELLING PLC,E-CHANNELLING PLC,COMPANY::ECL,E-CHANNELLING PLC,LISTED_COMPANY,ECL
Mobitel (Pvt) Ltd,MOBITEL PVT LTD,UNLISTED_COMPANY::e27f9269d1,MOBITEL PVT LTD,UNLISTED_COMPANY,
DFCC BANK PLC,DFCC BANK PLC,COMPANY::DFCC,DFCC BANK PLC,LISTED_COMPANY,DFCC
DFCC Consulting (Pvt) Ltd,DFCC CONSULTING PVT LTD,UNLISTED_COMPANY::9369c17760,DFCC CONSULTING PVT LTD,UNLISTED_COMPANY,
Synapsys Limited,SYNAPSYS LTD,UNLISTED_COMPANY::5d57ae6313,SYNAPSYS LTD,UNLISTED_COMPANY,
L B FINANCE PLC,L B FINANCE PLC,COMPANY::LFIN,L B FINANCE PLC,LISTED_COMPANY,LFIN
Vallibel One PLC,VALLIBEL ONE PLC,COMPANY::VONE,VALLIBEL ONE PLC,LISTED_COMPANY,VONE
AIA INSURANCE LANKA PLC,AIA INSURANCE LANKA PLC,LISTED_COMPANY::8ec5b2a6d3,AIA INSURANCE LANKA PLC,LISTED_COMPANY,
AIA Group,AIA GROUP,UNLISTED_COMPANY::c072479e34,AIA GROUP,UNLISTED_COMPANY,
AIA Group,AIA GROUP,PERSON::0d0c3f1fe7,AIA GROUP,PERSON,
MERCHANT BANK OF SRI LANKA & FINANCE PLC,MERCHANT BANK OF SRI LANKA AND FINANCE PLC,COMPANY::MBSL,MERCHANT BANK OF SRI LANKA AND FINANCE PLC,LISTED_COMPANY,MBSL
Bank of Ceylon,BANK OF CEYLON,UNLISTED_COMPANY::047ced3a31,BANK OF CEYLON,UNLISTED_COMPANY,
NATIONS TRUST BANK PLC,NATIONS TRUST BANK PLC,COMPANY::NTB,NATIONS TRUST BANK PLC,LISTED_COMPANY,NTB
John Keells Holdings PLC,JOHN KEELLS HOLDINGS PLC,COMPANY::JKH,JOHN KEELLS HOLDINGS PLC,LISTED_COMPANY,JKH
Central Finance Company PLC,CENTRAL FINANCE COMPANY PLC,COMPANY::CFIN,CENTRAL FINANCE COMPANY PLC,LISTED_COMPANY,CFIN
Waldock Mackenzie Ltd,WALDOCK MACKENZIE LTD,UNLISTED_COMPANY::389060f519,WALDOCK MACKENZIE LTD,UNLISTED_COMPANY,
NATIONAL DEVELOPMENT BANK PLC,NATIONAL DEVELOPMENT BANK PLC,COMPANY::NDB,NATIONAL DEVELOPMENT BANK PLC,LISTED_COMPANY,NDB
NDB Capital Holdings,NDB CAPITAL HOLDINGS,UNLISTED_COMPANY::15814b0155,NDB CAPITAL HOLDINGS,UNLISTED_COMPANY,
NDB Investment Bank,NDB INVESTMENT BANK,UNLISTED_COMPANY::6d7cf04afb,NDB INVESTMENT BANK,UNLISTED_COMPANY,
PAN ASIA BANKING CORPORATION PLC,PAN ASIA BANKING CORPORATION PLC,COMPANY::PABC,PAN ASIA BANKING CORPORATION PLC,LISTED_COMPANY,PABC
K D D Perera,DHAMMIKA PERERA,PERSON::25c526c8c8,DHAMMIKA PERERA,PERSON,
LANKA REALTY INVESTMENTS PLC,LANKA REALTY INVESTMENTS PLC,COMPANY::ASCO,LANKA REALTY INVESTMENTS PLC,LISTED_COMPANY,ASCO
Mulberry Holdings (Pvt) Ltd,MULBERRY HOLDINGS PVT LTD,UNLISTED_COMPANY::58cdeaee45,MULBERRY HOLDINGS PVT LTD,UNLISTED_COMPANY,
DIALOG AXIATA PLC,DIALOG AXIATA PLC,COMPANY::DIAL,DIALOG AXIATA PLC,LISTED_COMPANY,DIAL
Axiata Group Berhad,AXIATA GROUP BERHAD,UNLISTED_COMPANY::d748b7a43b,AXIATA GROUP BERHAD,UNLISTED_COMPANY,
Axiata Group Berhad,AXIATA GROUP BERHAD,PERSON::e15253535f,AXIATA GROUP BERHAD,PERSON,
Dialog Broadband Networks (Pvt) Ltd,DIALOG BROADBAND NETWORKS PVT LTD,UNLISTED_COMPANY::b522f95080,DIALOG BROADBAND NETWORKS PVT LTD,UNLISTED_COMPANY,
Dialog Television (Pvt) Ltd,DIALOG TELEVISION PVT LTD,UNLISTED_COMPANY::6c29fee37e,DIALOG TELEVISION PVT LTD,UNLISTED_COMPANY,
Dialog Finance PLC,DIALOG FINANCE PLC,COMPANY::CALF,DIALOG FINANCE PLC,LISTED_COMPANY,CALF
PMF FINANCE PLC,PMF FINANCE PLC,COMPANY::PMB,PMF FINANCE PLC,LISTED_COMPANY,PMB
Sterling Capital Investments (Pvt) Ltd,STERLING CAPITAL INVESTMENTS PVT LTD,UNLISTED_COMPANY::9e1baf39bd,STERLING CAPITAL INVESTMENTS PVT LTD,UNLISTED_COMPANY,
HAYLEYS FABRIC PLC,HAYLEYS FABRIC PLC,COMPANY::MGT,HAYLEYS FABRIC PLC,LISTED_COMPANY,MGT
Hayleys PLC,HAYLEYS PLC,COMPANY::HAYL,HAYLEYS PLC,LISTED_COMPANY,HAYL
South Asia Textiles Limited,SOUTH ASIA TEXTILES LTD,UNLISTED_COMPANY::6ea88155ed,SOUTH ASIA TEXTILES LTD,UNLISTED_COMPANY,
SRI LANKA TELECOM PLC,SRI LANKA TELECOM PLC,COMPANY::SLTL,SRI LANKA TELECOM PLC,LISTED_COMPANY,SLTL
Government of Sri Lanka,GOVERNMENT OF SRI LANKA,GOVERNMENT::c87ebb0cf4,GOVERNMENT OF SRI LANKA,GOVERNMENT,
Global Telecommunications Holdings N.V,GLOBAL TELECOMMUNICATIONS HOLDINGS N V,UNLISTED_COMPANY::06b1b41a52,GLOBAL TELECOMMUNICATIONS HOLDINGS N V,UNLISTED_COMPANY,
e-Channelling PLC,E-CHANNELLING PLC,COMPANY::ECL,E-CHANNELLING PLC,LISTED_COMPANY,ECL
BAIRAHA FARMS PLC,BAIRAHA FARMS PLC,COMPANY::BFL,BAIRAHA FARMS PLC,LISTED_COMPANY,BFL
Fortune Agro Industries (Pvt) Ltd,FORTUNE AGRO INDUSTRIES PVT LTD,UNLISTED_COMPANY::f770037e78,FORTUNE AGRO INDUSTRIES PVT LTD,UNLISTED_COMPANY,
THE FINANCE COMPANY PLC,THE FINANCE COMPANY PLC,LISTED_COMPANY::3e8d8a5bb6,THE FINANCE COMPANY PLC,LISTED_COMPANY,
SAMPATH BANK PLC,SAMPATH BANK PLC,COMPANY::SAMP,SAMPATH BANK PLC,LISTED_COMPANY,SAMP
Sampath Information Technology Solutions Ltd,SAMPATH INFORMATION TECHNOLOGY SOLUTIONS LTD,UNLISTED_COMPANY::c159057f2e,SAMPATH INFORMATION TECHNOLOGY SOLUTIONS LTD,UNLISTED_COMPANY,
BUKIT DARAH PLC,BUKIT DARAH PLC,COMPANY::BUKI,BUKIT DARAH PLC,LISTED_COMPANY,BUKI
Carson Cumberbatch PLC,CARSON CUMBERBATCH PLC,COMPANY::CARS,CARSON CUMBERBATCH PLC,LISTED_COMPANY,CARS
VIDULLANKA PLC,VIDULLANKA PLC,COMPANY::VLL,VIDULLANKA PLC,LISTED_COMPANY,VLL
Muvumbe Hydro (U) Limited,MUVUMBE HYDRO U LTD,UNLISTED_COMPANY::de89bb249b,MUVUMBE HYDRO U LTD,UNLISTED_COMPANY,
SEYLAN BANK PLC,SEYLAN BANK PLC,COMPANY::SEYB,SEYLAN BANK PLC,LISTED_COMPANY,SEYB
Sri Lanka Insurance Corporation,SRI LANKA INSURANCE CORPORATION,GOVERNMENT::e45e6cca46,SRI LANKA INSURANCE CORPORATION,GOVERNMENT,
Seylan Developments PLC,SEYLAN DEVELOPMENTS PLC,COMPANY::CSD,SEYLAN DEVELOPMENTS PLC,LISTED_COMPANY,CSD
CARGILLS (CEYLON) PLC,CARGILLS CEYLON PLC,COMPANY::CARG,CARGILLS CEYLON PLC,LISTED_COMPANY,CARG
C T Holdings PLC,C T HOLDINGS PLC,COMPANY::CTHR,C T HOLDINGS PLC,LISTED_COMPANY,CTHR
Cargills Bank PLC,CARGILLS BANK PLC,COMPANY::CBNK,CARGILLS BANK PLC,LISTED_COMPANY,CBNK
Cargills Dairies,CARGILLS DAIRIES,PERSON::a07199853c,CARGILLS DAIRIES,PERSON,
CEYLON BEVERAGE HOLDINGS PLC,CEYLON BEVERAGE HOLDINGS PLC,LISTED_COMPANY::d945d56fd2,CEYLON BEVERAGE HOLDINGS PLC,LISTED_COMPANY,
Lion Brewery (Ceylon) PLC,LION BREWERY CEYLON PLC,COMPANY::LION,LION BREWERY CEYLON PLC,LISTED_COMPANY,LION
VALLIBEL POWER ERATHNA PLC,VALLIBEL POWER ERATHNA PLC,COMPANY::VPEL,VALLIBEL POWER ERATHNA PLC,LISTED_COMPANY,VPEL
UNION ASSURANCE PLC,UNION ASSURANCE PLC,COMPANY::UAL,UNION ASSURANCE PLC,LISTED_COMPANY,UAL
COLOMBO DOCKYARD PLC,COLOMBO DOCKYARD PLC,COMPANY::DOCK,COLOMBO DOCKYARD PLC,LISTED_COMPANY,DOCK
Onomichi Dockyard Co. Ltd,ONOMICHI DOCKYARD CO LTD,UNLISTED_COMPANY::eac9cb2e39,ONOMICHI DOCKYARD CO LTD,UNLISTED_COMPANY,
MTD WALKERS PLC,MTD WALKERS PLC,COMPANY::KAPI,MTD WALKERS PLC,LISTED_COMPANY,KAPI
MTD Capital Bhd,MTD CAPITAL BHD,PERSON::f63592967d,MTD CAPITAL BHD,PERSON,
SENKADAGALA FINANCE PLC,SENKADAGALA FINANCE PLC,COMPANY::SFCL,SENKADAGALA FINANCE PLC,LISTED_COMPANY,SFCL
LANKEM DEVELOPMENTS PLC,LANKEM DEVELOPMENTS PLC,COMPANY::LDEV,LANKEM DEVELOPMENTS PLC,LISTED_COMPANY,LDEV
Lankem Ceylon PLC,LANKEM CEYLON PLC,COMPANY::LCEY,LANKEM CEYLON PLC,LISTED_COMPANY,LCEY
GOOD HOPE PLC,GOOD HOPE PLC,COMPANY::GOOD,GOOD HOPE PLC,LISTED_COMPANY,GOOD
Goodhope Asia Holdings Ltd,GOODHOPE ASIA HOLDINGS LTD,UNLISTED_COMPANY::38fe0d86bf,GOODHOPE ASIA HOLDINGS LTD,UNLISTED_COMPANY,
SMB FINANCE PLC,SMB FINANCE PLC,COMPANY::SEMB,SMB FINANCE PLC,LISTED_COMPANY,SEMB
CEYLON TOBACCO COMPANY PLC,CEYLON TOBACCO COMPANY PLC,COMPANY::CTC,CEYLON TOBACCO COMPANY PLC,LISTED_COMPANY,CTC
British American Tobacco Holdings (Sri Lanka) BV,BRITISH AMERICAN TOBACCO HOLDINGS SRI LANKA BV,UNLISTED_COMPANY::3945c46429,BRITISH AMERICAN TOBACCO HOLDINGS SRI LANKA BV,UNLISTED_COMPANY,
DISTILLERIES COMPANY OF SRI LANKA PLC,DISTILLERIES COMPANY OF SRI LANKA PLC,COMPANY::DIST,DISTILLERIES COMPANY OF SRI LANKA PLC,LISTED_COMPANY,DIST
Melstacorp PLC,MELSTACORP PLC,COMPANY::MELS,MELSTACORP PLC,LISTED_COMPANY,MELS
CEYLON COLD STORES PLC,CEYLON COLD STORES PLC,COMPANY::CCS,CEYLON COLD STORES PLC,LISTED_COMPANY,CCS
Jayamaha Farms (Pvt) Ltd,JAYAMAHA FARMS PVT LTD,UNLISTED_COMPANY::0ca957e688,JAYAMAHA FARMS PVT LTD,UNLISTED_COMPANY,
RENUKA FOODS PLC,RENUKA FOODS PLC,COMPANY::COCO,RENUKA FOODS PLC,LISTED_COMPANY,COCO
Renuka Agro Exports Ltd,RENUKA AGRO EXPORTS LTD,UNLISTED_COMPANY::defa1f3866,RENUKA AGRO EXPORTS LTD,UNLISTED_COMPANY,
Renuka Agri Foods PLC,RENUKA AGRI FOODS PLC,COMPANY::RAL,RENUKA AGRI FOODS PLC,LISTED_COMPANY,RAL
KEELLS FOOD PRODUCTS PLC,KEELLS FOOD PRODUCTS PLC,COMPANY::KFP,KEELLS FOOD PRODUCTS PLC,LISTED_COMPANY,KFP
HARISCHANDRA MILLS PLC,HARISCHANDRA MILLS PLC,COMPANY::HARI,HARISCHANDRA MILLS PLC,LISTED_COMPANY,HARI
Motor Service Station (Pvt) Ltd.,MOTOR SERVICE STATION PVT LTD,UNLISTED_COMPANY::ae88a537a7,MOTOR SERVICE STATION PVT LTD,UNLISTED_COMPANY,
Mrs. D.M.E.P. Perera,D M E P PERERA,PERSON::84e04f6e00,D M E P PERERA,PERSON,
Mr. D.F.W.S.K. Perera & Mr. D.F.W. Perera,D F W S K PERERA AND D F W PERERA,PERSON::58fb219f93,D F W S K PERERA AND D F W PERERA,PERSON,
Dalvik Inclusion Private Limited,DALVIK INCLUSION PVT LTD,UNLISTED_COMPANY::06fe0d7c4d,DALVIK INCLUSION PVT LTD,UNLISTED_COMPANY,
Milford Ceylon (Pvt) Ltd,MILFORD CEYLON PVT LTD,UNLISTED_COMPANY::de77b8bd6b,MILFORD CEYLON PVT LTD,UNLISTED_COMPANY,
THREE ACRE FARMS PLC,THREE ACRE FARMS PLC,COMPANY::TAFL,THREE ACRE FARMS PLC,LISTED_COMPANY,TAFL
Ceylon Grain Elevators PLC,CEYLON GRAIN ELEVATORS PLC,COMPANY::GRAN,CEYLON GRAIN ELEVATORS PLC,LISTED_COMPANY,GRAN
KOTMALE HOLDINGS PLC,KOTMALE HOLDINGS PLC,COMPANY::LAMB,KOTMALE HOLDINGS PLC,LISTED_COMPANY,LAMB
Cargills Quality Dairies (Pvt) Ltd,CARGILLS QUALITY DAIRIES PVT LTD,UNLISTED_COMPANY::33761fe166,CARGILLS QUALITY DAIRIES PVT LTD,UNLISTED_COMPANY,
CONVENIENCE FOODS (LANKA) PLC,CONVENIENCE FOODS LANKA PLC,COMPANY::SOY,CONVENIENCE FOODS LANKA PLC,LISTED_COMPANY,SOY
CBL Investments Limited,CBL INVESTMENTS LTD,UNLISTED_COMPANY::a8753d0d60,CBL INVESTMENTS LTD,UNLISTED_COMPANY,
TEA SMALLHOLDER FACTORIES PLC,TEA SMALLHOLDER FACTORIES PLC,COMPANY::TSML,TEA SMALLHOLDER FACTORIES PLC,LISTED_COMPANY,TSML
Akbar Brothers,AKBAR BROTHERS,UNLISTED_COMPANY::1189177e83,AKBAR BROTHERS,UNLISTED_COMPANY,
LION BREWERY CEYLON PLC,LION BREWERY CEYLON PLC,COMPANY::LION,LION BREWERY CEYLON PLC,LISTED_COMPANY,LION
Ceylon Beverage Holdings PLC,CEYLON BEVERAGE HOLDINGS PLC,UNLISTED_COMPANY::1e3716e7a5,CEYLON BEVERAGE HOLDINGS PLC,UNLISTED_COMPANY,
Carlsberg Brewery Malaysia Berhad,CARLSBERG BREWERY MALAYSIA BERHAD,UNLISTED_COMPANY::f61496581c,CARLSBERG BREWERY MALAYSIA BERHAD,UNLISTED_COMPANY,
Pearl Springs (Private) Limited,PEARL SPRINGS PVT LTD,UNLISTED_COMPANY::ee4de98f68,PEARL SPRINGS PVT LTD,UNLISTED_COMPANY,
LANKA MILK FOODS (CWE) PLC,LANKA MILK FOODS CWE PLC,COMPANY::LMF,LANKA MILK FOODS CWE PLC,LISTED_COMPANY,LMF
Milford Exports (Ceylon) (Pvt) Ltd,MILFORD EXPORTS CEYLON PVT LTD,UNLISTED_COMPANY::b1f47aaa31,MILFORD EXPORTS CEYLON PVT LTD,UNLISTED_COMPANY,
Ambewela Livestock Company Limited,AMBEWELA LIVESTOCK COMPANY LTD,UNLISTED_COMPANY::344ea8abc6,AMBEWELA LIVESTOCK COMPANY LTD,UNLISTED_COMPANY,
NESTLE LANKA PLC,NESTLE LANKA PLC,LISTED_COMPANY::7d2bb36c37,NESTLE LANKA PLC,LISTED_COMPANY,
Nestlé S.A.,NESTLÉ S A,UNLISTED_COMPANY::6d93734053,NESTLÉ S A,UNLISTED_COMPANY,
Nestlé S.A.,NESTLÉ S A,PERSON::5833caa40f,NESTLÉ S A,PERSON,
HAYCARB PLC,HAYCARB PLC,COMPANY::HAYC,HAYCARB PLC,LISTED_COMPANY,HAYC
Puritas (Pvt) Ltd,PURITAS PVT LTD,UNLISTED_COMPANY::6182105bf9,PURITAS PVT LTD,UNLISTED_COMPANY,
CHEMANEX PLC,CHEMANEX PLC,COMPANY::CHMX,CHEMANEX PLC,LISTED_COMPANY,CHMX
CIC Holdings PLC,CIC HOLDINGS PLC,COMPANY::CIC,CIC HOLDINGS PLC,LISTED_COMPANY,CIC
DILMAH CEYLON TEA COMPANY PLC,DILMAH CEYLON TEA COMPANY PLC,COMPANY::CTEA,DILMAH CEYLON TEA COMPANY PLC,LISTED_COMPANY,CTEA
MJF Teas (Pvt) Ltd,MJF TEAS PVT LTD,UNLISTED_COMPANY::d3fe4d3682,MJF TEAS PVT LTD,UNLISTED_COMPANY,
INDUSTRIAL ASPHALTS (CEYLON) PLC,INDUSTRIAL ASPHALTS CEYLON PLC,LISTED_COMPANY::72c1a5fe97,INDUSTRIAL ASPHALTS CEYLON PLC,LISTED_COMPANY,
CIC HOLDINGS PLC,CIC HOLDINGS PLC,COMPANY::CIC,CIC HOLDINGS PLC,LISTED_COMPANY,CIC
Paints & General Industries Limited,PAINTS AND GENERAL INDUSTRIES LTD,UNLISTED_COMPANY::0acf4cd09d,PAINTS AND GENERAL INDUSTRIES LTD,UNLISTED_COMPANY,
Chemanex PLC,CHEMANEX PLC,COMPANY::CHMX,CHEMANEX PLC,LISTED_COMPANY,CHMX
MORISON PLC,MORISON PLC,COMPANY::MORI,MORISON PLC,LISTED_COMPANY,MORI
Hemas Holdings PLC,HEMAS HOLDINGS PLC,COMPANY::HHL,HEMAS HOLDINGS PLC,LISTED_COMPANY,HHL
LAXAPANA PLC,LAXAPANA PLC,COMPANY::LITE,LAXAPANA PLC,LISTED_COMPANY,LITE
E B Creasy & Company PLC,E B CREASY AND COMPANY PLC,COMPANY::EBCR,E B CREASY AND COMPANY PLC,LISTED_COMPANY,EBCR
LANKEM CEYLON PLC,LANKEM CEYLON PLC,COMPANY::LCEY,LANKEM CEYLON PLC,LISTED_COMPANY,LCEY
The Colombo Fort Land & Building PLC,THE COLOMBO FORT LAND AND BUILDING PLC,COMPANY::CFLD,THE COLOMBO FORT LAND AND BUILDING PLC,LISTED_COMPANY,CFLD
Lankem Developments PLC,LANKEM DEVELOPMENTS PLC,COMPANY::LDEV,LANKEM DEVELOPMENTS PLC,LISTED_COMPANY,LDEV
UNION CHEMICALS LANKA PLC,UNION CHEMICALS LANKA PLC,COMPANY::UCAR,UNION CHEMICALS LANKA PLC,LISTED_COMPANY,UCAR
CARSON CUMBERBATCH PLC,CARSON CUMBERBATCH PLC,COMPANY::CARS,CARSON CUMBERBATCH PLC,LISTED_COMPANY,CARS
Bukit Darah PLC,BUKIT DARAH PLC,COMPANY::BUKI,BUKIT DARAH PLC,LISTED_COMPANY,BUKI
Ceylon Beverage Holdings PLC,CEYLON BEVERAGE HOLDINGS PLC,LISTED_COMPANY::d945d56fd2,CEYLON BEVERAGE HOLDINGS PLC,LISTED_COMPANY,
Good Hope PLC,GOOD HOPE PLC,COMPANY::GOOD,GOOD HOPE PLC,LISTED_COMPANY,GOOD
C T HOLDINGS PLC,C T HOLDINGS PLC,COMPANY::CTHR,C T HOLDINGS PLC,LISTED_COMPANY,CTHR
Cargills (Ceylon) PLC,CARGILLS CEYLON PLC,COMPANY::CARG,CARGILLS CEYLON PLC,LISTED_COMPANY,CARG
AITKEN SPENCE PLC,AITKEN SPENCE PLC,COMPANY::SPEN,AITKEN SPENCE PLC,LISTED_COMPANY,SPEN
Aitken Spence Hotel Holdings PLC,AITKEN SPENCE HOTEL HOLDINGS PLC,COMPANY::AHUN,AITKEN SPENCE HOTEL HOLDINGS PLC,LISTED_COMPANY,AHUN
SUNSHINE HOLDINGS PLC,SUNSHINE HOLDINGS PLC,COMPANY::SUN,SUNSHINE HOLDINGS PLC,LISTED_COMPANY,SUN
Lamurep Investments Limited,LAMUREP INVESTMENTS LTD,UNLISTED_COMPANY::8115cfabce,LAMUREP INVESTMENTS LTD,UNLISTED_COMPANY,
Sunshine Healthcare Lanka Ltd,SUNSHINE HEALTHCARE LANKA LTD,UNLISTED_COMPANY::b94da1e6d0,SUNSHINE HEALTHCARE LANKA LTD,UNLISTED_COMPANY,
RICHARD PIERIS AND COMPANY PLC,RICHARD PIERIS AND COMPANY PLC,COMPANY::RICH,RICHARD PIERIS AND COMPANY PLC,LISTED_COMPANY,RICH
Dr. Sena Yaddehige,SENA YADDEHIGE,PERSON::7e4e67a231,SENA YADDEHIGE,PERSON,
Richard Pieris Exports PLC,RICHARD PIERIS EXPORTS PLC,COMPANY::REXP,RICHARD PIERIS EXPORTS PLC,LISTED_COMPANY,REXP
Kegalle Plantations PLC,KEGALLE PLANTATIONS PLC,COMPANY::KGAL,KEGALLE PLANTATIONS PLC,LISTED_COMPANY,KGAL
FINLAYS COLOMBO PLC,FINLAYS COLOMBO PLC,LISTED_COMPANY::5ba3e8ab58,FINLAYS COLOMBO PLC,LISTED_COMPANY,
James Finlay Limited (UK),JAMES FINLAY LTD UK,UNLISTED_COMPANY::4181bad7be,JAMES FINLAY LTD UK,UNLISTED_COMPANY,
James Finlay Limited,JAMES FINLAY LTD,UNLISTED_COMPANY::40bdcf1908,JAMES FINLAY LTD,UNLISTED_COMPANY,
HEMAS HOLDINGS PLC,HEMAS HOLDINGS PLC,COMPANY::HHL,HEMAS HOLDINGS PLC,LISTED_COMPANY,HHL
Morison PLC,MORISON PLC,COMPANY::MORI,MORISON PLC,LISTED_COMPANY,MORI
Hemas Consumer Brands,HEMAS CONSUMER BRANDS,PERSON::7c7a38dfd7,HEMAS CONSUMER BRANDS,PERSON,
JOHN KEELLS HOLDINGS PLC,JOHN KEELLS HOLDINGS PLC,COMPANY::JKH,JOHN KEELLS HOLDINGS PLC,LISTED_COMPANY,JKH
Broga Hill Investments Limited,BROGA HILL INVESTMENTS LTD,UNLISTED_COMPANY::f1173c7851,BROGA HILL INVESTMENTS LTD,UNLISTED_COMPANY,
Ceylon Cold Stores PLC,CEYLON COLD STORES PLC,COMPANY::CCS,CEYLON COLD STORES PLC,LISTED_COMPANY,CCS
John Keells Hotels PLC,JOHN KEELLS HOTELS PLC,COMPANY::KHL,JOHN KEELLS HOTELS PLC,LISTED_COMPANY,KHL
THE COLOMBO FORT LAND & BUILDING PLC,THE COLOMBO FORT LAND AND BUILDING PLC,LISTED_COMPANY::65644de5c1,THE COLOMBO FORT LAND AND BUILDING PLC,LISTED_COMPANY,
HAYLEYS PLC,HAYLEYS PLC,COMPANY::HAYL,HAYLEYS PLC,LISTED_COMPANY,HAYL
K. D. D. Perera,DHAMMIKA PERERA,PERSON::25c526c8c8,DHAMMIKA PERERA,PERSON,
Dipped Products PLC,DIPPED PRODUCTS PLC,COMPANY::DIPD,DIPPED PRODUCTS PLC,LISTED_COMPANY,DIPD
Haycarb PLC,HAYCARB PLC,COMPANY::HAYC,HAYCARB PLC,LISTED_COMPANY,HAYC
ASIRI HOSPITAL HOLDINGS PLC,ASIRI HOSPITAL HOLDINGS PLC,COMPANY::ASIR,ASIRI HOSPITAL HOLDINGS PLC,LISTED_COMPANY,ASIR
Softlogic Holdings PLC,SOFTLOGIC HOLDINGS PLC,COMPANY::SHL,SOFTLOGIC HOLDINGS PLC,LISTED_COMPANY,SHL
Asiri Surgical Hospital PLC,ASIRI SURGICAL HOSPITAL PLC,COMPANY::AMSL,ASIRI SURGICAL HOSPITAL PLC,LISTED_COMPANY,AMSL
THE LANKA HOSPITALS CORPORATION PLC,THE LANKA HOSPITALS CORPORATION PLC,COMPANY::LHCL,THE LANKA HOSPITALS CORPORATION PLC,LISTED_COMPANY,LHCL
Sri Lanka Insurance Corporation Ltd,SRI LANKA INSURANCE CORPORATION LTD,GOVERNMENT::896d86dc28,SRI LANKA INSURANCE CORPORATION LTD,GOVERNMENT,
Sri Lanka Insurance Corporation Ltd,SRI LANKA INSURANCE CORPORATION LTD,UNLISTED_COMPANY::eff62f08d1,SRI LANKA INSURANCE CORPORATION LTD,UNLISTED_COMPANY,
Lanka Hospitals Diagnostics (Pvt) Ltd,LANKA HOSPITALS DIAGNOSTICS PVT LTD,UNLISTED_COMPANY::c7f9d0f628,LANKA HOSPITALS DIAGNOSTICS PVT LTD,UNLISTED_COMPANY,
ASIRI SURGICAL HOSPITAL PLC,ASIRI SURGICAL HOSPITAL PLC,COMPANY::AMSL,ASIRI SURGICAL HOSPITAL PLC,LISTED_COMPANY,AMSL
Asiri Hospital Holdings PLC,ASIRI HOSPITAL HOLDINGS PLC,COMPANY::ASIR,ASIRI HOSPITAL HOLDINGS PLC,LISTED_COMPANY,ASIR
CEYLON HOSPITALS PLC (DURDANS),CEYLON HOSPITALS PLC DURDANS,COMPANY::CHL,CEYLON HOSPITALS PLC DURDANS,LISTED_COMPANY,CHL
Durdans Medical and Surgical Hospital (Pvt) Ltd,DURDANS MEDICAL AND SURGICAL HOSPITAL PVT LTD,UNLISTED_COMPANY::5eb8b2ba78,DURDANS MEDICAL AND SURGICAL HOSPITAL PVT LTD,UNLISTED_COMPANY,
PALM GARDEN HOTELS PLC,PALM GARDEN HOTELS PLC,COMPANY::PALM,PALM GARDEN HOTELS PLC,LISTED_COMPANY,PALM
Browns Investments PLC,BROWNS INVESTMENTS PLC,COMPANY::BIL,BROWNS INVESTMENTS PLC,LISTED_COMPANY,BIL
Eden Hotel Lanka PLC,EDEN HOTEL LANKA PLC,COMPANY::EDEN,EDEN HOTEL LANKA PLC,LISTED_COMPANY,EDEN
EDEN HOTEL LANKA PLC,EDEN HOTEL LANKA PLC,COMPANY::EDEN,EDEN HOTEL LANKA PLC,LISTED_COMPANY,EDEN
Palm Garden Hotels PLC,PALM GARDEN HOTELS PLC,COMPANY::PALM,PALM GARDEN HOTELS PLC,LISTED_COMPANY,PALM
AITKEN SPENCE HOTEL HOLDINGS PLC,AITKEN SPENCE HOTEL HOLDINGS PLC,COMPANY::AHUN,AITKEN SPENCE HOTEL HOLDINGS PLC,LISTED_COMPANY,AHUN
Aitken Spence PLC,AITKEN SPENCE PLC,COMPANY::SPEN,AITKEN SPENCE PLC,LISTED_COMPANY,SPEN
BROWNS BEACH HOTELS PLC,BROWNS BEACH HOTELS PLC,COMPANY::BBH,BROWNS BEACH HOTELS PLC,LISTED_COMPANY,BBH
HAYLEYS LEISURE PLC,HAYLEYS LEISURE PLC,COMPANY::CONN,HAYLEYS LEISURE PLC,LISTED_COMPANY,CONN
The Kingsbury PLC,THE KINGSBURY PLC,COMPANY::SERV,THE KINGSBURY PLC,LISTED_COMPANY,SERV
THE FORTRESS RESORTS PLC,THE FORTRESS RESORTS PLC,LISTED_COMPANY::7dbf8df891,THE FORTRESS RESORTS PLC,LISTED_COMPANY,
GALADARI HOTELS (LANKA) PLC,GALADARI HOTELS LANKA PLC,COMPANY::GHLL,GALADARI HOTELS LANKA PLC,LISTED_COMPANY,GHLL
Galadari Brothers Co. LLC,GALADARI BROTHERS CO LLC,UNLISTED_COMPANY::c5d9eaa3c4,GALADARI BROTHERS CO LLC,UNLISTED_COMPANY,
Galadari Brothers Co. LLC,GALADARI BROTHERS CO LLC,PERSON::aff9eb06c9,GALADARI BROTHERS CO LLC,PERSON,
HOTEL DEVELOPERS (LANKA) PLC,HOTEL DEVELOPERS LANKA PLC,LISTED_COMPANY::c726778227,HOTEL DEVELOPERS LANKA PLC,LISTED_COMPANY,
THE KINGSBURY PLC,THE KINGSBURY PLC,COMPANY::SERV,THE KINGSBURY PLC,LISTED_COMPANY,SERV
Hayleys Leisure PLC,HAYLEYS LEISURE PLC,COMPANY::CONN,HAYLEYS LEISURE PLC,LISTED_COMPANY,CONN
HOTEL SIGIRIYA PLC,HOTEL SIGIRIYA PLC,COMPANY::HSIG,HOTEL SIGIRIYA PLC,LISTED_COMPANY,HSIG
CEYLON HOTELS CORPORATION PLC,CEYLON HOTELS CORPORATION PLC,COMPANY::CHOT,CEYLON HOTELS CORPORATION PLC,LISTED_COMPANY,CHOT
Galle Face Hotel Group,GALLE FACE HOTEL GROUP,UNLISTED_COMPANY::bd97edb4dc,GALLE FACE HOTEL GROUP,UNLISTED_COMPANY,
Galle Face Hotel Group,GALLE FACE HOTEL GROUP,PERSON::5c928988ad,GALLE FACE HOTEL GROUP,PERSON,
The Kandy Hotels Company (1938) PLC,THE KANDY HOTELS COMPANY 1938 PLC,COMPANY::KHC,THE KANDY HOTELS COMPANY 1938 PLC,LISTED_COMPANY,KHC
HUNAS HOLDINGS PLC,HUNAS HOLDINGS PLC,COMPANY::HUNA,HUNAS HOLDINGS PLC,LISTED_COMPANY,HUNA
Serenity Group,SERENITY GROUP,UNLISTED_COMPANY::cfa49ca659,SERENITY GROUP,UNLISTED_COMPANY,
Serenity Group,SERENITY GROUP,PERSON::c1aaa8535c,SERENITY GROUP,PERSON,
THE KANDY HOTELS COMPANY (1938) PLC,THE KANDY HOTELS COMPANY 1938 PLC,COMPANY::KHC,THE KANDY HOTELS COMPANY 1938 PLC,LISTED_COMPANY,KHC
Ceylon Hotels Corporation PLC,CEYLON HOTELS CORPORATION PLC,COMPANY::CHOT,CEYLON HOTELS CORPORATION PLC,LISTED_COMPANY,CHOT
THE LIGHTHOUSE HOTEL PLC,THE LIGHTHOUSE HOTEL PLC,COMPANY::LHL,THE LIGHTHOUSE HOTEL PLC,LISTED_COMPANY,LHL
Jetwing Hotels Management Services (Pvt) Ltd,JETWING HOTELS MANAGEMENT SERVICES PVT LTD,UNLISTED_COMPANY::d29299313a,JETWING HOTELS MANAGEMENT SERVICES PVT LTD,UNLISTED_COMPANY,
MAHAWELI REACH HOTELS PLC,MAHAWELI REACH HOTELS PLC,COMPANY::MRH,MAHAWELI REACH HOTELS PLC,LISTED_COMPANY,MRH
Universal Enterprises Pvt Ltd,UNIVERSAL ENTERPRISES PVT LTD,UNLISTED_COMPANY::53425eb484,UNIVERSAL ENTERPRISES PVT LTD,UNLISTED_COMPANY,
JOHN KEELLS HOTELS PLC,JOHN KEELLS HOTELS PLC,COMPANY::KHL,JOHN KEELLS HOTELS PLC,LISTED_COMPANY,KHL
Trans Asia Hotels PLC,TRANS ASIA HOTELS PLC,COMPANY::TRAN,TRANS ASIA HOTELS PLC,LISTED_COMPANY,TRAN
Asian Hotels and Properties PLC,ASIAN HOTELS AND PROPERTIES PLC,COMPANY::AHPL,ASIAN HOTELS AND PROPERTIES PLC,LISTED_COMPANY,AHPL
THE NUWARA ELIYA HOTELS COMPANY PLC,THE NUWARA ELIYA HOTELS COMPANY PLC,COMPANY::NEH,THE NUWARA ELIYA HOTELS COMPANY PLC,LISTED_COMPANY,NEH
Mercantile Investments and Finance PLC,MERCANTILE INVESTMENTS AND FINANCE PLC,COMPANY::MERC,MERCANTILE INVESTMENTS AND FINANCE PLC,LISTED_COMPANY,MERC
PEGASUS HOTELS OF CEYLON PLC,PEGASUS HOTELS OF CEYLON PLC,COMPANY::PEG,PEGASUS HOTELS OF CEYLON PLC,LISTED_COMPANY,PEG
LANKA WALLTILES PLC,LANKA WALLTILES PLC,COMPANY::LWL,LANKA WALLTILES PLC,LISTED_COMPANY,LWL
Royal Ceramics Lanka PLC,ROYAL CERAMICS LANKA PLC,COMPANY::RCL,ROYAL CERAMICS LANKA PLC,LISTED_COMPANY,RCL
Lanka Tiles PLC,LANKA TILES PLC,COMPANY::TILE,LANKA TILES PLC,LISTED_COMPANY,TILE
Lanka Ceramic PLC,LANKA CERAMIC PLC,COMPANY::CERA,LANKA CERAMIC PLC,LISTED_COMPANY,CERA
LANKA TILES PLC,LANKA TILES PLC,COMPANY::TILE,LANKA TILES PLC,LISTED_COMPANY,TILE
Lanka Walltiles PLC,LANKA WALLTILES PLC,COMPANY::LWL,LANKA WALLTILES PLC,LISTED_COMPANY,LWL
LANKA ALUMINIUM INDUSTRIES PLC,LANKA ALUMINIUM INDUSTRIES PLC,COMPANY::LALU,LANKA ALUMINIUM INDUSTRIES PLC,LISTED_COMPANY,LALU
Clovis Company Limited,CLOVIS COMPANY LTD,UNLISTED_COMPANY::6e2ecfc7f6,CLOVIS COMPANY LTD,UNLISTED_COMPANY,
LANKA CERAMIC PLC,LANKA CERAMIC PLC,COMPANY::CERA,LANKA CERAMIC PLC,LISTED_COMPANY,CERA
PRINTCARE PLC,PRINTCARE PLC,COMPANY::CARE,PRINTCARE PLC,LISTED_COMPANY,CARE
MJF Holdings,MJF HOLDINGS,UNLISTED_COMPANY::2a6ddfe1ab,MJF HOLDINGS,UNLISTED_COMPANY,
REGNIS(LANKA) PLC,REGNIS LANKA PLC,COMPANY::REG,REGNIS LANKA PLC,LISTED_COMPANY,REG
Singer (Sri Lanka) PLC,SINGER (SRI LANKA) PLC,COMPANY::SINS,SINGER (SRI LANKA) PLC,LISTED_COMPANY,SINS
SINGER INDUSTRIES (CEYLON) PLC,SINGER INDUSTRIES CEYLON PLC,COMPANY::SINI,SINGER INDUSTRIES CEYLON PLC,LISTED_COMPANY,SINI
SIERRA CABLES PLC,SIERRA CABLES PLC,COMPANY::SIRA,SIERRA CABLES PLC,LISTED_COMPANY,SIRA
SWADESHI INDUSTRIAL WORKS PLC,SWADESHI INDUSTRIAL WORKS PLC,COMPANY::SWAD,SWADESHI INDUSTRIAL WORKS PLC,LISTED_COMPANY,SWAD
Ms. A. M. Wijewardene,A M WIJEWARDENE,PERSON::536e71c8a2,A M WIJEWARDENE,PERSON,
SAMSON INTERNATIONAL PLC,SAMSON INTERNATIONAL PLC,LISTED_COMPANY::bd28f054ab,SAMSON INTERNATIONAL PLC,LISTED_COMPANY,
DSI Samson Group,DSI SAMSON GROUP,UNLISTED_COMPANY::60b0af7c5e,DSI SAMSON GROUP,UNLISTED_COMPANY,
DSI Samson Group,DSI SAMSON GROUP,PERSON::40e3056cf3,DSI SAMSON GROUP,PERSON,
UNISYST ENGINEERING PLC,UNISYST ENGINEERING PLC,COMPANY::ALUF,UNISYST ENGINEERING PLC,LISTED_COMPANY,ALUF
Hayleys Advantis Limited,HAYLEYS ADVANTIS LTD,UNLISTED_COMPANY::b799d32e38,HAYLEYS ADVANTIS LTD,UNLISTED_COMPANY,
ROYAL CERAMICS LANKA PLC,ROYAL CERAMICS LANKA PLC,COMPANY::RCL,ROYAL CERAMICS LANKA PLC,LISTED_COMPANY,RCL
INDO MALAY PLC,INDO MALAY PLC,COMPANY::INDO,INDO MALAY PLC,LISTED_COMPANY,INDO
TOKYO CEMENT COMPANY (LANKA) PLC,TOKYO CEMENT COMPANY LANKA PLC,COMPANY::TKYO,TOKYO CEMENT COMPANY LANKA PLC,LISTED_COMPANY,TKYO
Nippon Coke & Engineering Co. Ltd,NIPPON COKE AND ENGINEERING CO LTD,UNLISTED_COMPANY::4dc8f03341,NIPPON COKE AND ENGINEERING CO LTD,UNLISTED_COMPANY,
St. Anthony's Consolidated (Pvt) Ltd,ST ANTHONY'S CONSOLIDATED PVT LTD,UNLISTED_COMPANY::c207dd3839,ST ANTHONY'S CONSOLIDATED PVT LTD,UNLISTED_COMPANY,
Fuji Cement Company (Lanka) Limited,FUJI CEMENT COMPANY LANKA LTD,UNLISTED_COMPANY::a798459b0b,FUJI CEMENT COMPANY LANKA LTD,UNLISTED_COMPANY,
ASIAN HOTELS & PROPERTIES PLC,ASIAN HOTELS AND PROPERTIES PLC,COMPANY::AHPL,ASIAN HOTELS AND PROPERTIES PLC,LISTED_COMPANY,AHPL
SELINSING PLC,SELINSING PLC,COMPANY::SELI,SELINSING PLC,LISTED_COMPANY,SELI
C M HOLDINGS PLC,C M HOLDINGS PLC,LISTED_COMPANY::e6b70dfd09,C M HOLDINGS PLC,LISTED_COMPANY,
Colonial Motors (Ceylon) Ltd,COLONIAL MOTORS CEYLON LTD,UNLISTED_COMPANY::6dd3834383,COLONIAL MOTORS CEYLON LTD,UNLISTED_COMPANY,
LANKA ASHOK LEYLAND PLC,LANKA ASHOK LEYLAND PLC,COMPANY::ASHO,LANKA ASHOK LEYLAND PLC,LISTED_COMPANY,ASHO
Ashok Leyland Limited (India),ASHOK LEYLAND LTD INDIA,UNLISTED_COMPANY::657971d1be,ASHOK LEYLAND LTD INDIA,UNLISTED_COMPANY,
SHALIMAR (MALAY) PLC,SHALIMAR MALAY PLC,COMPANY::SHAL,SHALIMAR MALAY PLC,LISTED_COMPANY,SHAL
BOGAWANTALAWA TEA ESTATES PLC,BOGAWANTALAWA TEA ESTATES PLC,COMPANY::BOPL,BOGAWANTALAWA TEA ESTATES PLC,LISTED_COMPANY,BOPL
Metropolitan Resource Holdings PLC,METROPOLITAN RESOURCE HOLDINGS PLC,UNLISTED_COMPANY::d00f3be584,METROPOLITAN RESOURCE HOLDINGS PLC,UNLISTED_COMPANY,
SATHOSA MOTORS PLC,SATHOSA MOTORS PLC,COMPANY::SMOT,SATHOSA MOTORS PLC,LISTED_COMPANY,SMOT
Access Engineering PLC,ACCESS ENGINEERING PLC,COMPANY::AEL,ACCESS ENGINEERING PLC,LISTED_COMPANY,AEL
AGALAWATTE PLANTATIONS PLC,AGALAWATTE PLANTATIONS PLC,COMPANY::AGAL,AGALAWATTE PLANTATIONS PLC,LISTED_COMPANY,AGAL
Damro Group,DAMRO GROUP,UNLISTED_COMPANY::4e43265794,DAMRO GROUP,UNLISTED_COMPANY,
Damro Group,DAMRO GROUP,PERSON::13dbf66c95,DAMRO GROUP,PERSON,
UNITED MOTORS LANKA PLC,UNITED MOTORS LANKA PLC,COMPANY::UML,UNITED MOTORS LANKA PLC,LISTED_COMPANY,UML
R I L Property PLC,R I L PROPERTY PLC,COMPANY::RIL,R I L PROPERTY PLC,LISTED_COMPANY,RIL
Unimo Enterprises Ltd,UNIMO ENTERPRISES LTD,UNLISTED_COMPANY::0670390e12,UNIMO ENTERPRISES LTD,UNLISTED_COMPANY,
DIESEL & MOTOR ENGINEERING PLC,DIESEL AND MOTOR ENGINEERING PLC,COMPANY::DIMO,DIESEL AND MOTOR ENGINEERING PLC,LISTED_COMPANY,DIMO
Amaliya (Pvt) Ltd,AMALIYA PVT LTD,UNLISTED_COMPANY::8e1e76f188,AMALIYA PVT LTD,UNLISTED_COMPANY,
HORANA PLANTATIONS PLC,HORANA PLANTATIONS PLC,COMPANY::HOPL,HORANA PLANTATIONS PLC,LISTED_COMPANY,HOPL
Vallibel Plantation Management Limited,VALLIBEL PLANTATION MANAGEMENT LTD,UNLISTED_COMPANY::fb738e8f06,VALLIBEL PLANTATION MANAGEMENT LTD,UNLISTED_COMPANY,
FIRST CAPITAL HOLDINGS PLC,FIRST CAPITAL HOLDINGS PLC,COMPANY::CFVF,FIRST CAPITAL HOLDINGS PLC,LISTED_COMPANY,CFVF
Janashakthi PLC,JANASHAKTHI PLC,UNLISTED_COMPANY::5d6ae61340,JANASHAKTHI PLC,UNLISTED_COMPANY,
First Capital Treasuries PLC,FIRST CAPITAL TREASURIES PLC,COMPANY::FCT,FIRST CAPITAL TREASURIES PLC,LISTED_COMPANY,FCT
ELPITIYA PLANTATIONS PLC,ELPITIYA PLANTATIONS PLC,LISTED_COMPANY::52042b7602,ELPITIYA PLANTATIONS PLC,LISTED_COMPANY,
Aitken Spence Plantation Managements PLC,AITKEN SPENCE PLANTATION MANAGEMENTS PLC,COMPANY::ASPM,AITKEN SPENCE PLANTATION MANAGEMENTS PLC,LISTED_COMPANY,ASPM
BALANGODA PLANTATIONS PLC,BALANGODA PLANTATIONS PLC,COMPANY::BALA,BALANGODA PLANTATIONS PLC,LISTED_COMPANY,BALA
KELANI VALLEY PLANTATIONS PLC,KELANI VALLEY PLANTATIONS PLC,COMPANY::KVAL,KELANI VALLEY PLANTATIONS PLC,LISTED_COMPANY,KVAL
KEGALLE PLANTATIONS PLC,KEGALLE PLANTATIONS PLC,COMPANY::KGAL,KEGALLE PLANTATIONS PLC,LISTED_COMPANY,KGAL
RPC Plantation Management Services (Pvt) Ltd,RPC PLANTATION MANAGEMENT SERVICES PVT LTD,UNLISTED_COMPANY::41df0b4003,RPC PLANTATION MANAGEMENT SERVICES PVT LTD,UNLISTED_COMPANY,
HAPUGASTENNE PLANTATIONS PLC,HAPUGASTENNE PLANTATIONS PLC,COMPANY::HAPU,HAPUGASTENNE PLANTATIONS PLC,LISTED_COMPANY,HAPU
Browns Plantations,BROWNS PLANTATIONS,UNLISTED_COMPANY::aa769400ad,BROWNS PLANTATIONS,UNLISTED_COMPANY,
Browns Plantations,BROWNS PLANTATIONS,PERSON::f1f3bd9f9e,BROWNS PLANTATIONS,PERSON,
KAHAWATTE PLANTATIONS PLC,KAHAWATTE PLANTATIONS PLC,COMPANY::KAHA,KAHAWATTE PLANTATIONS PLC,LISTED_COMPANY,KAHA
Forbes & Walker Ltd / MJF Group,FORBES AND WALKER LTD MJF GROUP,UNLISTED_COMPANY::a57862814e,FORBES AND WALKER LTD MJF GROUP,UNLISTED_COMPANY,
MJF Group,MJF GROUP,PERSON::1b7b5b1ca5,MJF GROUP,PERSON,
THE AUTODROME PLC,THE AUTODROME PLC,COMPANY::AUTO,THE AUTODROME PLC,LISTED_COMPANY,AUTO
KOTAGALA PLANTATIONS PLC,KOTAGALA PLANTATIONS PLC,COMPANY::KOTA,KOTAGALA PLANTATIONS PLC,LISTED_COMPANY,KOTA
Consolidated Tea Plantations Ltd,CONSOLIDATED TEA PLANTATIONS LTD,UNLISTED_COMPANY::d272e6d6f0,CONSOLIDATED TEA PLANTATIONS LTD,UNLISTED_COMPANY,
MALWATTE VALLEY PLANTATIONS PLC,MALWATTE VALLEY PLANTATIONS PLC,COMPANY::MAL,MALWATTE VALLEY PLANTATIONS PLC,LISTED_COMPANY,MAL
Wayamba Plantation (Pvt) Ltd,WAYAMBA PLANTATION PVT LTD,UNLISTED_COMPANY::adf6b1e26a,WAYAMBA PLANTATION PVT LTD,UNLISTED_COMPANY,
LANKA IOC PLC,LANKA IOC PLC,COMPANY::LIOC,LANKA IOC PLC,LISTED_COMPANY,LIOC
Indian Oil Corporation Limited,INDIAN OIL CORPORATION LTD,UNLISTED_COMPANY::cc7b5c590e,INDIAN OIL CORPORATION LTD,UNLISTED_COMPANY,
JOHN KEELLS PLC,JOHN KEELLS PLC,LISTED_COMPANY::a151a990fe,JOHN KEELLS PLC,LISTED_COMPANY,
MASKELIYA PLANTATIONS PLC,MASKELIYA PLANTATIONS PLC,COMPANY::MASK,MASKELIYA PLANTATIONS PLC,LISTED_COMPANY,MASK
RPC Management Services (Pvt) Ltd,RPC MANAGEMENT SERVICES PVT LTD,UNLISTED_COMPANY::2b3950d808,RPC MANAGEMENT SERVICES PVT LTD,UNLISTED_COMPANY,
UDAPUSSELLAWA PLANTATIONS PLC,UDAPUSSELLAWA PLANTATIONS PLC,LISTED_COMPANY::e08846534f,UDAPUSSELLAWA PLANTATIONS PLC,LISTED_COMPANY,
TALAWAKELLE TEA ESTATES PLC,TALAWAKELLE TEA ESTATES PLC,LISTED_COMPANY::a9ad6eb25e,TALAWAKELLE TEA ESTATES PLC,LISTED_COMPANY,
Hayleys Plantation Services (Private) Limited,HAYLEYS PLANTATION SERVICES PVT LTD,UNLISTED_COMPANY::2fdf7ef8b4,HAYLEYS PLANTATION SERVICES PVT LTD,UNLISTED_COMPANY,
LAKE HOUSE PRINTERS AND PUBLISHERS PLC,LAKE HOUSE PRINTERS AND PUBLISHERS PLC,LISTED_COMPANY::96204b2144,LAKE HOUSE PRINTERS AND PUBLISHERS PLC,LISTED_COMPANY,
R. S. Wijewardene,R S WIJEWARDENE,PERSON::421328865c,R S WIJEWARDENE,PERSON,
MADULSIMA PLANTATIONS PLC,MADULSIMA PLANTATIONS PLC,COMPANY::MADU,MADULSIMA PLANTATIONS PLC,LISTED_COMPANY,MADU
WATAWALA PLANTATIONS PLC,WATAWALA PLANTATIONS PLC,COMPANY::WATA,WATAWALA PLANTATIONS PLC,LISTED_COMPANY,WATA
Estate Management Services (Pvt) Ltd,ESTATE MANAGEMENT SERVICES PVT LTD,UNLISTED_COMPANY::7136a49acc,ESTATE MANAGEMENT SERVICES PVT LTD,UNLISTED_COMPANY,
NAMUNUKULA PLANTATIONS PLC,NAMUNUKULA PLANTATIONS PLC,COMPANY::NAMU,NAMUNUKULA PLANTATIONS PLC,LISTED_COMPANY,NAMU
PARAGON CEYLON PLC,PARAGON CEYLON PLC,COMPANY::PARA,PARAGON CEYLON PLC,LISTED_COMPANY,PARA
GESTETNER OF CEYLON PLC,GESTETNER OF CEYLON PLC,COMPANY::GEST,GESTETNER OF CEYLON PLC,LISTED_COMPANY,GEST
Gestetner Group,GESTETNER GROUP,UNLISTED_COMPANY::b8d87ef745,GESTETNER GROUP,UNLISTED_COMPANY,
Gestetner Group,GESTETNER GROUP,PERSON::7cec3b34f5,GESTETNER GROUP,PERSON,
ABANS FINANCE PLC,ABANS FINANCE PLC,LISTED_COMPANY::4a6f2e8055,ABANS FINANCE PLC,LISTED_COMPANY,
TEEJAY LANKA PLC,TEEJAY LANKA PLC,COMPANY::TJL,TEEJAY LANKA PLC,LISTED_COMPANY,TJL
Brandix Lanka Limited,BRANDIX LANKA LTD,UNLISTED_COMPANY::6bad576cb8,BRANDIX LANKA LTD,UNLISTED_COMPANY,
Pacific Textured Jersey Holdings Ltd,PACIFIC TEXTURED JERSEY HOLDINGS LTD,UNLISTED_COMPANY::22f16ce0b3,PACIFIC TEXTURED JERSEY HOLDINGS LTD,UNLISTED_COMPANY,
JANASHAKTHI FINANCE PLC,JANASHAKTHI FINANCE PLC,LISTED_COMPANY::76c4ec25a6,JANASHAKTHI FINANCE PLC,LISTED_COMPANY,
SOFTLOGIC HOLDINGS PLC,SOFTLOGIC HOLDINGS PLC,COMPANY::SHL,SOFTLOGIC HOLDINGS PLC,LISTED_COMPANY,SHL
A. K. Pathirage,ASHOK PATHIRAGE,PERSON::f4d0a15f7f,ASHOK PATHIRAGE,PERSON,
LOLC DEVELOPMENT FINANCE PLC,LOLC DEVELOPMENT FINANCE PLC,LISTED_COMPANY::708e2a2d38,LOLC DEVELOPMENT FINANCE PLC,LISTED_COMPANY,
LOLC Holdings PLC,LOLC HOLDINGS PLC,COMPANY::LOLC,LOLC HOLDINGS PLC,LISTED_COMPANY,LOLC
VALLIBEL ONE PLC,VALLIBEL ONE PLC,COMPANY::VONE,VALLIBEL ONE PLC,LISTED_COMPANY,VONE
L B Finance PLC,L B FINANCE PLC,COMPANY::LFIN,L B FINANCE PLC,LISTED_COMPANY,LFIN
Sampath Bank PLC,SAMPATH BANK PLC,COMPANY::SAMP,SAMPATH BANK PLC,LISTED_COMPANY,SAMP
CENTRAL INVESTMENTS & FINANCE PLC,CENTRAL INVESTMENTS AND FINANCE PLC,LISTED_COMPANY::94f00b23f5,CENTRAL INVESTMENTS AND FINANCE PLC,LISTED_COMPANY,
LOLC FINANCE PLC,LOLC FINANCE PLC,COMPANY::LOFC,LOLC FINANCE PLC,LISTED_COMPANY,LOFC
PEOPLE'S LEASING & FINANCE PLC,PEOPLE'S LEASING AND FINANCE PLC,COMPANY::PLC,PEOPLE'S LEASING AND FINANCE PLC,LISTED_COMPANY,PLC
People's Bank,PEOPLE'S BANK,GOVERNMENT::914dd36f9e,PEOPLE'S BANK,GOVERNMENT,
People's Bank,PEOPLE'S BANK,UNLISTED_COMPANY::fa37dc8f42,PEOPLE'S BANK,UNLISTED_COMPANY,
People's Insurance PLC,PEOPLE'S INSURANCE PLC,COMPANY::PINS,PEOPLE'S INSURANCE PLC,LISTED_COMPANY,PINS
SOFTLOGIC CAPITAL PLC,SOFTLOGIC CAPITAL PLC,COMPANY::SCAP,SOFTLOGIC CAPITAL PLC,LISTED_COMPANY,SCAP
Softlogic Life Insurance PLC,SOFTLOGIC LIFE INSURANCE PLC,COMPANY::AAIC,SOFTLOGIC LIFE INSURANCE PLC,LISTED_COMPANY,AAIC
Softlogic Finance PLC,SOFTLOGIC FINANCE PLC,COMPANY::CRL,SOFTLOGIC FINANCE PLC,LISTED_COMPANY,CRL
DFCC VARDHANA BANK PLC,DFCC VARDHANA BANK PLC,LISTED_COMPANY::c244ec18c1,DFCC VARDHANA BANK PLC,LISTED_COMPANY,
DFCC Bank PLC,DFCC BANK PLC,COMPANY::DFCC,DFCC BANK PLC,LISTED_COMPANY,DFCC
TRADE FINANCE & INVESTMENTS PLC,TRADE FINANCE AND INVESTMENTS PLC,LISTED_COMPANY::32522f52e3,TRADE FINANCE AND INVESTMENTS PLC,LISTED_COMPANY,
Commercial Credit and Finance PLC,COMMERCIAL CREDIT AND FINANCE PLC,COMPANY::COCR,COMMERCIAL CREDIT AND FINANCE PLC,LISTED_COMPANY,COCR
DIALOG FINANCE PLC,DIALOG FINANCE PLC,COMPANY::CALF,DIALOG FINANCE PLC,LISTED_COMPANY,CALF
Dialog Axiata PLC,DIALOG AXIATA PLC,COMPANY::DIAL,DIALOG AXIATA PLC,LISTED_COMPANY,DIAL
ENTRUST SECURITIES PLC,ENTRUST SECURITIES PLC,LISTED_COMPANY::74d6004c48,ENTRUST SECURITIES PLC,LISTED_COMPANY,
PC PHARMA PLC,PC PHARMA PLC,LISTED_COMPANY::6d221bb2ae,PC PHARMA PLC,LISTED_COMPANY,
WASKADUWA BEACH RESORT PLC,WASKADUWA BEACH RESORT PLC,COMPANY::CITW,WASKADUWA BEACH RESORT PLC,LISTED_COMPANY,CITW
Citrus Leisure PLC,CITRUS LEISURE PLC,COMPANY::REEF,CITRUS LEISURE PLC,LISTED_COMPANY,REEF
KALPITIYA BEACH RESORT PLC,KALPITIYA BEACH RESORT PLC,LISTED_COMPANY::db40ca692f,KALPITIYA BEACH RESORT PLC,LISTED_COMPANY,
ASIA ASSET FINANCE PLC,ASIA ASSET FINANCE PLC,COMPANY::AAF,ASIA ASSET FINANCE PLC,LISTED_COMPANY,AAF
Muthoot Finance Limited,MUTHOOT FINANCE LTD,UNLISTED_COMPANY::0fade1e2c3,MUTHOOT FINANCE LTD,UNLISTED_COMPANY,
AGSTAR PLC,AGSTAR PLC,COMPANY::AGST,AGSTAR PLC,LISTED_COMPANY,AGST
ACCESS ENGINEERING PLC,ACCESS ENGINEERING PLC,COMPANY::AEL,ACCESS ENGINEERING PLC,LISTED_COMPANY,AEL
S. J. S. Perera,SUMAL PERERA,PERSON::c02384b0f6,SUMAL PERERA,PERSON,
Sathosa Motors PLC,SATHOSA MOTORS PLC,COMPANY::SMOT,SATHOSA MOTORS PLC,LISTED_COMPANY,SMOT
RAMBODA FALLS PLC,RAMBODA FALLS PLC,COMPANY::RFL,RAMBODA FALLS PLC,LISTED_COMPANY,RFL
L. S. Sigera,L S SIGERA,PERSON::19c776d69b,L S SIGERA,PERSON,
ADAM CAPITAL PLC,ADAM CAPITAL PLC,LISTED_COMPANY::c74ccadde6,ADAM CAPITAL PLC,LISTED_COMPANY,
ORIENT FINANCE PLC REMOVED,ORIENT FINANCE PLC REMOVED,COMPANY::ORIN,ORIENT FINANCE PLC REMOVED,LISTED_COMPANY,ORIN
COMMERCIAL LEASING & FINANCE PLC,COMMERCIAL LEASING AND FINANCE PLC,LISTED_COMPANY::ca202137e7,COMMERCIAL LEASING AND FINANCE PLC,LISTED_COMPANY,
SANASA DEVELOPMENT BANK PLC,SANASA DEVELOPMENT BANK PLC,COMPANY::SDB,SANASA DEVELOPMENT BANK PLC,LISTED_COMPANY,SDB
SBI Emerging Asia Financial Sector Fund Pte. Ltd,SBI EMERGING ASIA FINANCIAL SECTOR FUND PTE LTD,UNLISTED_COMPANY::4a452fb459,SBI EMERGING ASIA FINANCIAL SECTOR FUND PTE LTD,UNLISTED_COMPANY,
Nederlandse Financierings-Maatschappij Voor Ontwikkelingslanden N.V. (FMO),NEDERLANDSE FINANCIERINGS-MAATSCHAPPIJ VOOR ONTWIKKELINGSLANDEN N V FMO,UNLISTED_COMPANY::c01f1294f5,NEDERLANDSE FINANCIERINGS-MAATSCHAPPIJ VOOR ONTWIKKELINGSLANDEN N V FMO,UNLISTED_COMPANY,
AMBEON CAPITAL PLC,AMBEON CAPITAL PLC,COMPANY::TAP,AMBEON CAPITAL PLC,LISTED_COMPANY,TAP
CHC Investment (Pvt) Ltd,CHC INVESTMENT PVT LTD,UNLISTED_COMPANY::08c4a7ff14,CHC INVESTMENT PVT LTD,UNLISTED_COMPANY,
Ambeon Holdings PLC,AMBEON HOLDINGS PLC,COMPANY::GREG,AMBEON HOLDINGS PLC,LISTED_COMPANY,GREG
BERUWALA RESORTS PLC,BERUWALA RESORTS PLC,COMPANY::BERU,BERUWALA RESORTS PLC,LISTED_COMPANY,BERU
ASIA SIYAKA COMMODITIES PLC,ASIA SIYAKA COMMODITIES PLC,LISTED_COMPANY::6d5a8dd4fc,ASIA SIYAKA COMMODITIES PLC,LISTED_COMPANY,
Lanka Commodity Brokers,LANKA COMMODITY BROKERS,UNLISTED_COMPANY::702a036013,LANKA COMMODITY BROKERS,UNLISTED_COMPANY,
Lanka Commodity Brokers,LANKA COMMODITY BROKERS,PERSON::d2884a05a0,LANKA COMMODITY BROKERS,PERSON,
PRIME FINANCE PLC,PRIME FINANCE PLC,LISTED_COMPANY::a040084a13,PRIME FINANCE PLC,LISTED_COMPANY,
HIKKADUWA BEACH RESORT PLC,HIKKADUWA BEACH RESORT PLC,COMPANY::CITH,HIKKADUWA BEACH RESORT PLC,LISTED_COMPANY,CITH
AITKEN SPENCE PLANTATION MANAGEMENTS PLC,AITKEN SPENCE PLANTATION MANAGEMENTS PLC,COMPANY::ASPM,AITKEN SPENCE PLANTATION MANAGEMENTS PLC,LISTED_COMPANY,ASPM
Elpitiya Plantations PLC,ELPITIYA PLANTATIONS PLC,LISTED_COMPANY::52042b7602,ELPITIYA PLANTATIONS PLC,LISTED_COMPANY,
ANILANA HOTELS AND PROPERTIES PLC,ANILANA HOTELS AND PROPERTIES PLC,COMPANY::ALHP,ANILANA HOTELS AND PROPERTIES PLC,LISTED_COMPANY,ALHP
Somapala Group / Individuals,SOMAPALA GROUP INDIVIDUALS,PERSON::e9a6e1aac7,SOMAPALA GROUP INDIVIDUALS,PERSON,
MILLENNIUM HOUSING DEVELOPERS PLC,MILLENNIUM HOUSING DEVELOPERS PLC,LISTED_COMPANY::bda584b166,MILLENNIUM HOUSING DEVELOPERS PLC,LISTED_COMPANY,
Nawaloka Group,NAWALOKA GROUP,UNLISTED_COMPANY::a863a845bb,NAWALOKA GROUP,UNLISTED_COMPANY,
Nawaloka Group,NAWALOKA GROUP,PERSON::bb37fe8350,NAWALOKA GROUP,PERSON,
AMANA BANK PLC,AMANA BANK PLC,COMPANY::ABL,AMANA BANK PLC,LISTED_COMPANY,ABL
IB Growth Fund (Labuan) LLP,IB GROWTH FUND LABUAN LLP,UNLISTED_COMPANY::5f4128e62c,IB GROWTH FUND LABUAN LLP,UNLISTED_COMPANY,
Jeddah Islamic Development Bank,JEDDAH ISLAMIC DEVELOPMENT BANK,UNLISTED_COMPANY::056596e513,JEDDAH ISLAMIC DEVELOPMENT BANK,UNLISTED_COMPANY,
ABANS PLC,ABANS PLC,LISTED_COMPANY::96a2b3f41d,ABANS PLC,LISTED_COMPANY,
Abans Retail Holdings / Pestonjee Family,ABANS RETAIL HOLDINGS PESTONJEE FAMILY,PERSON::eaa27e5dd8,ABANS RETAIL HOLDINGS PESTONJEE FAMILY,PERSON,
Abans Electricals PLC,ABANS ELECTRICALS PLC,COMPANY::ABAN,ABANS ELECTRICALS PLC,LISTED_COMPANY,ABAN
ALUMEX PLC,ALUMEX PLC,COMPANY::ALUM,ALUMEX PLC,LISTED_COMPANY,ALUM
BANSEI ROYAL RESORTS HIKKADUWA PLC,BANSEI ROYAL RESORTS HIKKADUWA PLC,COMPANY::BRR,BANSEI ROYAL RESORTS HIKKADUWA PLC,LISTED_COMPANY,BRR
Bansei Securities Co. Ltd (Japan),BANSEI SECURITIES CO LTD JAPAN,UNLISTED_COMPANY::ec91e6a763,BANSEI SECURITIES CO LTD JAPAN,UNLISTED_COMPANY,
Bansei Securities Co. Ltd,BANSEI SECURITIES CO LTD,UNLISTED_COMPANY::5a441eb980,BANSEI SECURITIES CO LTD,UNLISTED_COMPANY,
ADAM INVESTMENTS PLC,ADAM INVESTMENTS PLC,LISTED_COMPANY::7347e28eff,ADAM INVESTMENTS PLC,LISTED_COMPANY,
LUCKY LANKA MILK PROCESSING COMPANY PLC,LUCKY LANKA MILK PROCESSING COMPANY PLC,LISTED_COMPANY::49a9105ec8,LUCKY LANKA MILK PROCESSING COMPANY PLC,LISTED_COMPANY,
JANASHAKTHI PLC,JANASHAKTHI PLC,LISTED_COMPANY::355321fd3c,JANASHAKTHI PLC,LISTED_COMPANY,
Schaffter Family,SCHAFFTER FAMILY,PERSON::677785f13a,SCHAFFTER FAMILY,PERSON,
Janashakthi Insurance PLC,JANASHAKTHI INSURANCE PLC,COMPANY::JINS,JANASHAKTHI INSURANCE PLC,LISTED_COMPANY,JINS
First Capital Holdings PLC,FIRST CAPITAL HOLDINGS PLC,COMPANY::CFVF,FIRST CAPITAL HOLDINGS PLC,LISTED_COMPANY,CFVF
ARPICO INSURANCE PLC,ARPICO INSURANCE PLC,COMPANY::AINS,ARPICO INSURANCE PLC,LISTED_COMPANY,AINS
Richard Pieris and Company PLC,RICHARD PIERIS AND COMPANY PLC,COMPANY::RICH,RICHARD PIERIS AND COMPANY PLC,LISTED_COMPANY,RICH
SIYAPATHA FINANCE PLC,SIYAPATHA FINANCE PLC,LISTED_COMPANY::29e417fd2a,SIYAPATHA FINANCE PLC,LISTED_COMPANY,
PRADESHIYA SANWARDANA BANK,PRADESHIYA SANWARDANA BANK,LISTED_COMPANY::f7ecef1789,PRADESHIYA SANWARDANA BANK,LISTED_COMPANY,
FIRST CAPITAL TREASURIES PLC,FIRST CAPITAL TREASURIES PLC,COMPANY::FCT,FIRST CAPITAL TREASURIES PLC,LISTED_COMPANY,FCT
SINGHE HOSPITALS PLC,SINGHE HOSPITALS PLC,COMPANY::SINH,SINGHE HOSPITALS PLC,LISTED_COMPANY,SINH
A. M. W. Navinda,A M W NAVINDA,PERSON::913fa5908e,A M W NAVINDA,PERSON,
SENFIN SECURITIES LIMITED,SENFIN SECURITIES LTD,LISTED_COMPANY::18706cb881,SENFIN SECURITIES LTD,LISTED_COMPANY,
Senkadagala Finance PLC,SENKADAGALA FINANCE PLC,COMPANY::SFCL,SENKADAGALA FINANCE PLC,LISTED_COMPANY,SFCL
PEOPLE'S INSURANCE PLC,PEOPLE'S INSURANCE PLC,COMPANY::PINS,PEOPLE'S INSURANCE PLC,LISTED_COMPANY,PINS
People's Leasing & Finance PLC,PEOPLE'S LEASING AND FINANCE PLC,COMPANY::PLC,PEOPLE'S LEASING AND FINANCE PLC,LISTED_COMPANY,PLC
AMANA TAKAFUL LIFE PLC,AMANA TAKAFUL LIFE PLC,COMPANY::ATLL,AMANA TAKAFUL LIFE PLC,LISTED_COMPANY,ATLL
Amana Takaful PLC,AMANA TAKAFUL PLC,COMPANY::ATL,AMANA TAKAFUL PLC,LISTED_COMPANY,ATL
B P P L HOLDINGS PLC,B P P L HOLDINGS PLC,COMPANY::BPPL,B P P L HOLDINGS PLC,LISTED_COMPANY,BPPL
Infinity Capital (Pvt) Ltd,INFINITY CAPITAL PVT LTD,UNLISTED_COMPANY::4e73f57202,INFINITY CAPITAL PVT LTD,UNLISTED_COMPANY,
Eco Spindles (Pvt) Ltd,ECO SPINDLES PVT LTD,UNLISTED_COMPANY::c8122fcacd,ECO SPINDLES PVT LTD,UNLISTED_COMPANY,
MARAWILA RESORTS PLC,MARAWILA RESORTS PLC,COMPANY::MARA,MARAWILA RESORTS PLC,LISTED_COMPANY,MARA
CITRUS LEISURE PLC,CITRUS LEISURE PLC,COMPANY::REEF,CITRUS LEISURE PLC,LISTED_COMPANY,REEF
George Steuart & Company Limited,GEORGE STEUART AND COMPANY LTD,UNLISTED_COMPANY::e6e366a44e,GEORGE STEUART AND COMPANY LTD,UNLISTED_COMPANY,
Waskaduwa Beach Resort PLC,WASKADUWA BEACH RESORT PLC,COMPANY::CITW,WASKADUWA BEACH RESORT PLC,LISTED_COMPANY,CITW
Hikkaduwa Beach Resort PLC,HIKKADUWA BEACH RESORT PLC,COMPANY::CITH,HIKKADUWA BEACH RESORT PLC,LISTED_COMPANY,CITH
RENUKA CITY HOTEL PLC,RENUKA CITY HOTEL PLC,COMPANY::RENU,RENUKA CITY HOTEL PLC,LISTED_COMPANY,RENU
Renuka Hotels PLC,RENUKA HOTELS PLC,UNLISTED_COMPANY::11db081c3a,RENUKA HOTELS PLC,UNLISTED_COMPANY,
Cargo Boat Development Company PLC,CARGO BOAT DEVELOPMENT COMPANY PLC,COMPANY::CABO,CARGO BOAT DEVELOPMENT COMPANY PLC,LISTED_COMPANY,CABO
ROYAL PALMS BEACH HOTELS PLC,ROYAL PALMS BEACH HOTELS PLC,COMPANY::RPBH,ROYAL PALMS BEACH HOTELS PLC,LISTED_COMPANY,RPBH
Tangerine Beach Hotels PLC,TANGERINE BEACH HOTELS PLC,COMPANY::TANG,TANGERINE BEACH HOTELS PLC,LISTED_COMPANY,TANG
DOLPHIN HOTELS PLC,DOLPHIN HOTELS PLC,LISTED_COMPANY::4e33d4e362,DOLPHIN HOTELS PLC,LISTED_COMPANY,
Serendib Hotels PLC,SERENDIB HOTELS PLC,COMPANY::SHOT,SERENDIB HOTELS PLC,LISTED_COMPANY,SHOT
TANGERINE BEACH HOTELS PLC,TANGERINE BEACH HOTELS PLC,COMPANY::TANG,TANGERINE BEACH HOTELS PLC,LISTED_COMPANY,TANG
Royal Palms Beach Hotels PLC,ROYAL PALMS BEACH HOTELS PLC,COMPANY::RPBH,ROYAL PALMS BEACH HOTELS PLC,LISTED_COMPANY,RPBH
CEYLON GUARDIAN INVESTMENT TRUST PLC,CEYLON GUARDIAN INVESTMENT TRUST PLC,COMPANY::GUAR,CEYLON GUARDIAN INVESTMENT TRUST PLC,LISTED_COMPANY,GUAR
Ceylon Investment PLC,CEYLON INVESTMENT PLC,COMPANY::CINV,CEYLON INVESTMENT PLC,LISTED_COMPANY,CINV
COLOMBO FORT INVESTMENTS PLC,COLOMBO FORT INVESTMENTS PLC,COMPANY::CFI,COLOMBO FORT INVESTMENTS PLC,LISTED_COMPANY,CFI
SIGIRIYA VILLAGE HOTELS PLC,SIGIRIYA VILLAGE HOTELS PLC,COMPANY::SIGV,SIGIRIYA VILLAGE HOTELS PLC,LISTED_COMPANY,SIGV
CEYLON INVESTMENT PLC,CEYLON INVESTMENT PLC,COMPANY::CINV,CEYLON INVESTMENT PLC,LISTED_COMPANY,CINV
Ceylon Guardian Investment Trust PLC,CEYLON GUARDIAN INVESTMENT TRUST PLC,COMPANY::GUAR,CEYLON GUARDIAN INVESTMENT TRUST PLC,LISTED_COMPANY,GUAR
COLOMBO INVESTMENT TRUST PLC,COLOMBO INVESTMENT TRUST PLC,COMPANY::CIT,COLOMBO INVESTMENT TRUST PLC,LISTED_COMPANY,CIT
SERENDIB HOTELS PLC,SERENDIB HOTELS PLC,COMPANY::SHOT,SERENDIB HOTELS PLC,LISTED_COMPANY,SHOT
Dolphin Hotels PLC,DOLPHIN HOTELS PLC,LISTED_COMPANY::4e33d4e362,DOLPHIN HOTELS PLC,LISTED_COMPANY,
Hotel Sigiriya PLC,HOTEL SIGIRIYA PLC,COMPANY::HSIG,HOTEL SIGIRIYA PLC,LISTED_COMPANY,HSIG
TAL LANKA HOTELS PLC,TAL LANKA HOTELS PLC,COMPANY::TAJ,TAL LANKA HOTELS PLC,LISTED_COMPANY,TAJ
TAL Hotels & Resorts Ltd,TAL HOTELS AND RESORTS LTD,UNLISTED_COMPANY::5aa5d51545,TAL HOTELS AND RESORTS LTD,UNLISTED_COMPANY,
TRANS ASIA HOTELS PLC,TRANS ASIA HOTELS PLC,COMPANY::TRAN,TRANS ASIA HOTELS PLC,LISTED_COMPANY,TRAN
GALLE FACE CAPITAL PARTNERS PLC,GALLE FACE CAPITAL PARTNERS PLC,LISTED_COMPANY::401eef3100,GALLE FACE CAPITAL PARTNERS PLC,LISTED_COMPANY,
Galle Face Group,GALLE FACE GROUP,UNLISTED_COMPANY::d21ad69d3b,GALLE FACE GROUP,UNLISTED_COMPANY,
Galle Face Group,GALLE FACE GROUP,PERSON::7e18d598e5,GALLE FACE GROUP,PERSON,
C T LAND DEVELOPMENT PLC,C T LAND DEVELOPMENT PLC,COMPANY::CTLD,C T LAND DEVELOPMENT PLC,LISTED_COMPANY,CTLD
CARGO BOAT DEVELOPMENT COMPANY PLC,CARGO BOAT DEVELOPMENT COMPANY PLC,COMPANY::CABO,CARGO BOAT DEVELOPMENT COMPANY PLC,LISTED_COMPANY,CABO
COMMERCIAL DEVELOPMENT COMPANY PLC,COMMERCIAL DEVELOPMENT COMPANY PLC,COMPANY::COMD,COMMERCIAL DEVELOPMENT COMPANY PLC,LISTED_COMPANY,COMD
Commercial Bank of Ceylon PLC,COMMERCIAL BANK OF CEYLON PLC,COMPANY::COMB,COMMERCIAL BANK OF CEYLON PLC,LISTED_COMPANY,COMB
SEYLAN DEVELOPMENTS PLC,SEYLAN DEVELOPMENTS PLC,COMPANY::CSD,SEYLAN DEVELOPMENTS PLC,LISTED_COMPANY,CSD
Seylan Bank PLC,SEYLAN BANK PLC,COMPANY::SEYB,SEYLAN BANK PLC,LISTED_COMPANY,SEYB
COLOMBO LAND & DEVELOPMENT COMPANY PLC,COLOMBO LAND AND DEVELOPMENT COMPANY PLC,COMPANY::CLND,COLOMBO LAND AND DEVELOPMENT COMPANY PLC,LISTED_COMPANY,CLND
Urban Development Authority (UDA),URBAN DEVELOPMENT AUTHORITY,GOVERNMENT::d62d1ce68f,URBAN DEVELOPMENT AUTHORITY,GOVERNMENT,
OVERSEAS REALTY (CEYLON) PLC,OVERSEAS REALTY CEYLON PLC,COMPANY::OSEA,OVERSEAS REALTY CEYLON PLC,LISTED_COMPANY,OSEA
Shing Kwan Investment (Singapore) Pte Ltd,SHING KWAN INVESTMENT SINGAPORE PTE LTD,UNLISTED_COMPANY::54f5e09cc8,SHING KWAN INVESTMENT SINGAPORE PTE LTD,UNLISTED_COMPANY,
Shing Kwan Group,SHING KWAN GROUP,PERSON::f4e12b443b,SHING KWAN GROUP,PERSON,
Mireka Capital Land (Pvt) Ltd,MIREKA CAPITAL LAND PVT LTD,UNLISTED_COMPANY::774cff19f3,MIREKA CAPITAL LAND PVT LTD,UNLISTED_COMPANY,
EAST WEST PROPERTIES PLC,EAST WEST PROPERTIES PLC,LISTED_COMPANY::1570bb3ea4,EAST WEST PROPERTIES PLC,LISTED_COMPANY,
M. W. A. D. J. Nahil Wijesuriya,M W A D J NAHIL WIJESURIYA,PERSON::ff2720e072,M W A D J NAHIL WIJESURIYA,PERSON,
EQUITY ONE PLC,EQUITY ONE PLC,LISTED_COMPANY::77d9fd8149,EQUITY ONE PLC,LISTED_COMPANY,
KELSEY DEVELOPMENTS PLC,KELSEY DEVELOPMENTS PLC,COMPANY::KDL,KELSEY DEVELOPMENTS PLC,LISTED_COMPANY,KDL
LEE HEDGES PLC,LEE HEDGES PLC,COMPANY::SHAW,LEE HEDGES PLC,LISTED_COMPANY,SHAW
Lee Hedges Investments Ltd,LEE HEDGES INVESTMENTS LTD,UNLISTED_COMPANY::d17945c997,LEE HEDGES INVESTMENTS LTD,UNLISTED_COMPANY,
HUEJAY INTERNATIONAL INVESTMENTS PLC,HUEJAY INTERNATIONAL INVESTMENTS PLC,LISTED_COMPANY::022eab4dd5,HUEJAY INTERNATIONAL INVESTMENTS PLC,LISTED_COMPANY,
Huejay International Ltd,HUEJAY INTERNATIONAL LTD,UNLISTED_COMPANY::94f5cf6638,HUEJAY INTERNATIONAL LTD,UNLISTED_COMPANY,
EQUITY TWO PLC,EQUITY TWO PLC,COMPANY::ETWO,EQUITY TWO PLC,LISTED_COMPANY,ETWO
Equity One PLC,EQUITY ONE PLC,UNLISTED_COMPANY::b7b5736155,EQUITY ONE PLC,UNLISTED_COMPANY,
ON ALLY HOLDINGS PLC,ON ALLY HOLDINGS PLC,COMPANY::ONAL,ON ALLY HOLDINGS PLC,LISTED_COMPANY,ONAL
Renuka Capital PLC,RENUKA CAPITAL PLC,UNLISTED_COMPANY::56b62906e3,RENUKA CAPITAL PLC,UNLISTED_COMPANY,
YORK ARCADE HOLDINGS PLC,YORK ARCADE HOLDINGS PLC,COMPANY::YORK,YORK ARCADE HOLDINGS PLC,LISTED_COMPANY,YORK
PROPERTY DEVELOPMENT PLC,PROPERTY DEVELOPMENT PLC,COMPANY::PDL,PROPERTY DEVELOPMENT PLC,LISTED_COMPANY,PDL
Bank of Ceylon,BANK OF CEYLON,GOVERNMENT::64fae9c108,BANK OF CEYLON,GOVERNMENT,
ACL CABLES PLC,ACL CABLES PLC,COMPANY::ACL,ACL CABLES PLC,LISTED_COMPANY,ACL
U. G. Madanayake,U G MADANAYAKE,PERSON::562e36b0a0,U G MADANAYAKE,PERSON,
Kelani Cables PLC,KELANI CABLES PLC,COMPANY::KCAB,KELANI CABLES PLC,LISTED_COMPANY,KCAB
ACL Plastics PLC,ACL PLASTICS PLC,COMPANY::APLA,ACL PLASTICS PLC,LISTED_COMPANY,APLA
ABANS ELECTRICALS PLC,ABANS ELECTRICALS PLC,COMPANY::ABAN,ABANS ELECTRICALS PLC,LISTED_COMPANY,ABAN
Abans PLC,ABANS PLC,UNLISTED_COMPANY::f62be6fca9,ABANS PLC,UNLISTED_COMPANY,
ACL PLASTICS PLC,ACL PLASTICS PLC,COMPANY::APLA,ACL PLASTICS PLC,LISTED_COMPANY,APLA
ACL Cables PLC,ACL CABLES PLC,COMPANY::ACL,ACL CABLES PLC,LISTED_COMPANY,ACL
DANKOTUWA PORCELAIN PLC,DANKOTUWA PORCELAIN PLC,COMPANY::DPL,DANKOTUWA PORCELAIN PLC,LISTED_COMPANY,DPL
Royal Fernwood Porcelain Ltd,ROYAL FERNWOOD PORCELAIN LTD,UNLISTED_COMPANY::27793d78c2,ROYAL FERNWOOD PORCELAIN LTD,UNLISTED_COMPANY,
CENTRAL INDUSTRIES PLC,CENTRAL INDUSTRIES PLC,COMPANY::CIND,CENTRAL INDUSTRIES PLC,LISTED_COMPANY,CIND
KELANI CABLES PLC,KELANI CABLES PLC,COMPANY::KCAB,KELANI CABLES PLC,LISTED_COMPANY,KCAB
CHEVRON LUBRICANTS LANKA PLC,CHEVRON LUBRICANTS LANKA PLC,COMPANY::LLUB,CHEVRON LUBRICANTS LANKA PLC,LISTED_COMPANY,LLUB
Chevron Ceylon Limited,CHEVRON CEYLON LTD,UNLISTED_COMPANY::fe111b58a3,CHEVRON CEYLON LTD,UNLISTED_COMPANY,
KELANI TYRES PLC,KELANI TYRES PLC,COMPANY::TYRE,KELANI TYRES PLC,LISTED_COMPANY,TYRE
Silverstock Ltd,SILVERSTOCK LTD,UNLISTED_COMPANY::8b60fb8595,SILVERSTOCK LTD,UNLISTED_COMPANY,
CEAT Kelani Holdings (Pvt) Ltd,CEAT KELANI HOLDINGS PVT LTD,UNLISTED_COMPANY::60fc859049,CEAT KELANI HOLDINGS PVT LTD,UNLISTED_COMPANY,
DIPPED PRODUCTS PLC,DIPPED PRODUCTS PLC,COMPANY::DIPD,DIPPED PRODUCTS PLC,LISTED_COMPANY,DIPD
Venigros (Pvt) Ltd,VENIGROS PVT LTD,UNLISTED_COMPANY::039b897825,VENIGROS PVT LTD,UNLISTED_COMPANY,
Kelani Valley Plantations PLC,KELANI VALLEY PLANTATIONS PLC,COMPANY::KVAL,KELANI VALLEY PLANTATIONS PLC,LISTED_COMPANY,KVAL
LANKA CEMENT PLC,LANKA CEMENT PLC,LISTED_COMPANY::0c020cbbf8,LANKA CEMENT PLC,LISTED_COMPANY,
Sri Lanka Cement Corporation,SRI LANKA CEMENT CORPORATION,GOVERNMENT::07a24de879,SRI LANKA CEMENT CORPORATION,GOVERNMENT,
Sri Lanka Cement Corporation,SRI LANKA CEMENT CORPORATION,UNLISTED_COMPANY::ab665d7f24,SRI LANKA CEMENT CORPORATION,UNLISTED_COMPANY,
BOGALA GRAPHITE LANKA PLC,BOGALA GRAPHITE LANKA PLC,COMPANY::BOGA,BOGALA GRAPHITE LANKA PLC,LISTED_COMPANY,BOGA
Advanced Metallurgical Group (AMG),ADVANCED METALLURGICAL GROUP AMG,UNLISTED_COMPANY::b6a7c56d9d,ADVANCED METALLURGICAL GROUP AMG,UNLISTED_COMPANY,
AMG Advanced Metallurgical Group N.V.,AMG ADVANCED METALLURGICAL GROUP N V,PERSON::d0d49b5b19,AMG ADVANCED METALLURGICAL GROUP N V,PERSON,
CEYLON GRAIN ELEVATORS PLC,CEYLON GRAIN ELEVATORS PLC,COMPANY::GRAN,CEYLON GRAIN ELEVATORS PLC,LISTED_COMPANY,GRAN
Prima Limited (Singapore),PRIMA LTD SINGAPORE,UNLISTED_COMPANY::30cf9da98b,PRIMA LTD SINGAPORE,UNLISTED_COMPANY,
Prima Limited,PRIMA LTD,UNLISTED_COMPANY::dbe9682a64,PRIMA LTD,UNLISTED_COMPANY,
Three Acre Farms PLC,THREE ACRE FARMS PLC,COMPANY::TAFL,THREE ACRE FARMS PLC,LISTED_COMPANY,TAFL
SWISSTEK (CEYLON) PLC,SWISSTEK CEYLON PLC,COMPANY::PARQ,SWISSTEK CEYLON PLC,LISTED_COMPANY,PARQ
ACME PRINTING & PACKAGING PLC,ACME PRINTING AND PACKAGING PLC,LISTED_COMPANY::458b6307e6,ACME PRINTING AND PACKAGING PLC,LISTED_COMPANY,
E. B. Creasy & Company PLC,E B CREASY AND COMPANY PLC,COMPANY::EBCR,E B CREASY AND COMPANY PLC,LISTED_COMPANY,EBCR
PGP GLASS CEYLON PLC,PGP GLASS CEYLON PLC,LISTED_COMPANY::bf60007208,PGP GLASS CEYLON PLC,LISTED_COMPANY,
PGP Glass Private Limited,PGP GLASS PVT LTD,UNLISTED_COMPANY::322bc42cf3,PGP GLASS PVT LTD,UNLISTED_COMPANY,
E B CREASY & COMPANY PLC,E B CREASY AND COMPANY PLC,COMPANY::EBCR,E B CREASY AND COMPANY PLC,LISTED_COMPANY,EBCR
Muller & Phipps (Ceylon) PLC,MULLER AND PHIPPS CEYLON PLC,COMPANY::MULL,MULLER AND PHIPPS CEYLON PLC,LISTED_COMPANY,MULL
Laxapana PLC,LAXAPANA PLC,COMPANY::LITE,LAXAPANA PLC,LISTED_COMPANY,LITE
COLOMBO CITY HOLDINGS PLC,COLOMBO CITY HOLDINGS PLC,COMPANY::PHAR,COLOMBO CITY HOLDINGS PLC,LISTED_COMPANY,PHAR
HUNTERS & COMPANY PLC,HUNTERS AND COMPANY PLC,COMPANY::HUNT,HUNTERS AND COMPANY PLC,LISTED_COMPANY,HUNT
Mrs. M.C. Pietersz,M C PIETERSZ,PERSON::f721023843,M C PIETERSZ,PERSON,
MULLER AND PHIPPS (CEYLON) PLC,MULLER AND PHIPPS CEYLON PLC,COMPANY::MULL,MULLER AND PHIPPS CEYLON PLC,LISTED_COMPANY,MULL
OFFICE EQUIPMENT PLC,OFFICE EQUIPMENT PLC,COMPANY::OFEQ,OFFICE EQUIPMENT PLC,LISTED_COMPANY,OFEQ
Ceylon Printers PLC,CEYLON PRINTERS PLC,COMPANY::CPRT,KERNER HAUS GLOBAL SOLUTIONS PLC,LISTED_COMPANY,CPRT
HAYLEYS FIBRE PLC,HAYLEYS FIBRE PLC,LISTED_COMPANY::d2a81e9203,HAYLEYS FIBRE PLC,LISTED_COMPANY,
SINGER (SRI LANKA) PLC,SINGER (SRI LANKA) PLC,COMPANY::SINS,SINGER (SRI LANKA) PLC,LISTED_COMPANY,SINS
Singer Finance (Lanka) PLC,SINGER FINANCE LANKA PLC,COMPANY::SFIN,SINGER FINANCE LANKA PLC,LISTED_COMPANY,SFIN
Regnis (Lanka) PLC,REGNIS LANKA PLC,COMPANY::REG,REGNIS LANKA PLC,LISTED_COMPANY,REG
BROWN & COMPANY PLC,BROWN AND COMPANY PLC,COMPANY::BRWN,BROWN AND COMPANY PLC,LISTED_COMPANY,BRWN
C. W. MACKIE PLC,C W MACKIE PLC,COMPANY::CWM,C W MACKIE PLC,LISTED_COMPANY,CWM
EASTERN MERCHANTS PLC,EASTERN MERCHANTS PLC,COMPANY::EMER,EASTERN MERCHANTS PLC,LISTED_COMPANY,EMER
J.B.L. de Silva,J B L DE SILVA,PERSON::37101d21a3,J B L DE SILVA,PERSON,
RICHARD PIERIS EXPORTS PLC,RICHARD PIERIS EXPORTS PLC,COMPANY::REXP,RICHARD PIERIS EXPORTS PLC,LISTED_COMPANY,REXP
AMBEON HOLDINGS PLC,AMBEON HOLDINGS PLC,COMPANY::GREG,AMBEON HOLDINGS PLC,LISTED_COMPANY,GREG
Ambeon Capital PLC,AMBEON CAPITAL PLC,COMPANY::TAP,AMBEON CAPITAL PLC,LISTED_COMPANY,TAP
Dankotuwa Porcelain PLC,DANKOTUWA PORCELAIN PLC,COMPANY::DPL,DANKOTUWA PORCELAIN PLC,LISTED_COMPANY,DPL
Colombo City Holdings PLC,COLOMBO CITY HOLDINGS PLC,COMPANY::PHAR,COLOMBO CITY HOLDINGS PLC,LISTED_COMPANY,PHAR
RENUKA HOLDINGS PLC,RENUKA HOLDINGS PLC,COMPANY::RHL,RENUKA HOLDINGS PLC,LISTED_COMPANY,RHL
Renuka Group Limited,RENUKA GROUP LTD,UNLISTED_COMPANY::82be62e117,RENUKA GROUP LTD,UNLISTED_COMPANY,
Renuka Foods PLC,RENUKA FOODS PLC,COMPANY::COCO,RENUKA FOODS PLC,LISTED_COMPANY,COCO
JANASHAKTHI INSURANCE PLC,JANASHAKTHI INSURANCE PLC,COMPANY::JINS,JANASHAKTHI INSURANCE PLC,LISTED_COMPANY,JINS
BANK OF CEYLON,BANK OF CEYLON,LISTED_COMPANY::0e1322d4aa,BANK OF CEYLON,LISTED_COMPANY,
Property Development PLC,PROPERTY DEVELOPMENT PLC,COMPANY::PDL,PROPERTY DEVELOPMENT PLC,LISTED_COMPANY,PDL
Merchant Bank of Sri Lanka & Finance PLC,MERCHANT BANK OF SRI LANKA AND FINANCE PLC,COMPANY::MBSL,MERCHANT BANK OF SRI LANKA AND FINANCE PLC,LISTED_COMPANY,MBSL
SOFTLOGIC FINANCE PLC,SOFTLOGIC FINANCE PLC,COMPANY::CRL,SOFTLOGIC FINANCE PLC,LISTED_COMPANY,CRL
RESUS ENERGY PLC,RESUS ENERGY PLC,COMPANY::HPWR,RESUS ENERGY PLC,LISTED_COMPANY,HPWR
Panasian Power PLC,PANASIAN POWER PLC,COMPANY::PAP,PANASIAN POWER PLC,LISTED_COMPANY,PAP
NAMAL ACUITY VALUE FUND,NAMAL ACUITY VALUE FUND,LISTED_COMPANY::a6af4dc726,NAMAL ACUITY VALUE FUND,LISTED_COMPANY,
National Asset Management Ltd,NATIONAL ASSET MANAGEMENT LTD,UNLISTED_COMPANY::44326760b9,NATIONAL ASSET MANAGEMENT LTD,UNLISTED_COMPANY,
RENUKA AGRI FOODS PLC,RENUKA AGRI FOODS PLC,COMPANY::RAL,RENUKA AGRI FOODS PLC,LISTED_COMPANY,RAL
CEYLON TEA BROKERS PLC,CEYLON TEA BROKERS PLC,COMPANY::CTBL,CEYLON TEA BROKERS PLC,LISTED_COMPANY,CTBL
Capital Alliance Holdings,CAPITAL ALLIANCE HOLDINGS,UNLISTED_COMPANY::8494dbab10,CAPITAL ALLIANCE HOLDINGS,UNLISTED_COMPANY,
VALLIBEL FINANCE PLC,VALLIBEL FINANCE PLC,COMPANY::VFIN,VALLIBEL FINANCE PLC,LISTED_COMPANY,VFIN
SINHAPUTHRA FINANCE PLC,SINHAPUTHRA FINANCE PLC,LISTED_COMPANY::4c13502648,SINHAPUTHRA FINANCE PLC,LISTED_COMPANY,
RAIGAM WAYAMBA SALTERNS PLC,RAIGAM WAYAMBA SALTERNS PLC,LISTED_COMPANY::fbd140ef36,RAIGAM WAYAMBA SALTERNS PLC,LISTED_COMPANY,
Raigam Marketing Services (Pvt) Ltd,RAIGAM MARKETING SERVICES PVT LTD,UNLISTED_COMPANY::22035dec41,RAIGAM MARKETING SERVICES PVT LTD,UNLISTED_COMPANY,
ODEL PLC,ODEL PLC,COMPANY::ODEL,ODEL PLC,LISTED_COMPANY,ODEL
PC HOUSE PLC,PC HOUSE PLC,LISTED_COMPANY::a624391dd9,PC HOUSE PLC,LISTED_COMPANY,
CITIZENS DEVELOPMENT BUSINESS FINANCE PLC,CITIZENS DEVELOPMENT BUSINESS FINANCE PLC,COMPANY::CDB,CITIZENS DEVELOPMENT BUSINESS FINANCE PLC,LISTED_COMPANY,CDB
URBAN DEVELOPMENT AUTHORITY,URBAN DEVELOPMENT AUTHORITY,LISTED_COMPANY::c7c31c2708,URBAN DEVELOPMENT AUTHORITY,LISTED_COMPANY,
Colombo Land & Development Company PLC,COLOMBO LAND AND DEVELOPMENT COMPANY PLC,COMPANY::CLND,COLOMBO LAND AND DEVELOPMENT COMPANY PLC,LISTED_COMPANY,CLND
On Ally Holdings PLC,ON ALLY HOLDINGS PLC,COMPANY::ONAL,ON ALLY HOLDINGS PLC,LISTED_COMPANY,ONAL
NAWALOKA HOSPITALS PLC,NAWALOKA HOSPITALS PLC,COMPANY::NHL,NAWALOKA HOSPITALS PLC,LISTED_COMPANY,NHL
Jayantha Dharmadasa / Nawaloka Group,JAYANTHA DHARMADASA NAWALOKA GROUP,PERSON::b994308952,JAYANTHA DHARMADASA NAWALOKA GROUP,PERSON,
LOTUS HYDRO POWER PLC,LOTUS HYDRO POWER PLC,COMPANY::HPFL,LOTUS HYDRO POWER PLC,LISTED_COMPANY,HPFL
Lotus Renewable Energy Group,LOTUS RENEWABLE ENERGY GROUP,UNLISTED_COMPANY::23c4b60b64,LOTUS RENEWABLE ENERGY GROUP,UNLISTED_COMPANY,
Lotus Renewable Energy Group,LOTUS RENEWABLE ENERGY GROUP,PERSON::a91293f2e0,LOTUS RENEWABLE ENERGY GROUP,PERSON,
LAUGFS GAS PLC,LAUGFS GAS PLC,COMPANY::LGL,LAUGFS GAS PLC,LISTED_COMPANY,LGL
Laugfs Holdings Limited,LAUGFS HOLDINGS LTD,UNLISTED_COMPANY::26e44a4ad0,LAUGFS HOLDINGS LTD,UNLISTED_COMPANY,
BROWNS CAPITAL PLC,BROWNS CAPITAL PLC,LISTED_COMPANY::1195e123ac,BROWNS CAPITAL PLC,LISTED_COMPANY,
PANASIAN POWER PLC,PANASIAN POWER PLC,COMPANY::PAP,PANASIAN POWER PLC,LISTED_COMPANY,PAP
HVA FOODS PLC,HVA FOODS PLC,COMPANY::HVA,HVA FOODS PLC,LISTED_COMPANY,HVA
George Steuart Teas (Pvt) Ltd,GEORGE STEUART TEAS PVT LTD,UNLISTED_COMPANY::76a62630ee,GEORGE STEUART TEAS PVT LTD,UNLISTED_COMPANY,
SINGER FINANCE (LANKA) PLC,SINGER FINANCE LANKA PLC,COMPANY::SFIN,SINGER FINANCE LANKA PLC,LISTED_COMPANY,SFIN
HATTON PLANTATIONS PLC,HATTON PLANTATIONS PLC,LISTED_COMPANY::cb8c42f739,HATTON PLANTATIONS PLC,LISTED_COMPANY,
Lotus Renewable Energy (Pvt) Ltd,LOTUS RENEWABLE ENERGY PVT LTD,UNLISTED_COMPANY::8693068214,LOTUS RENEWABLE ENERGY PVT LTD,UNLISTED_COMPANY,
UNION BANK OF COLOMBO PLC,UNION BANK OF COLOMBO PLC,COMPANY::UBC,UNION BANK OF COLOMBO PLC,LISTED_COMPANY,UBC
CG Capital Partners Global Pte Ltd,CG CAPITAL PARTNERS GLOBAL PTE LTD,UNLISTED_COMPANY::e7064db653,CG CAPITAL PARTNERS GLOBAL PTE LTD,UNLISTED_COMPANY,
UB Finance PLC,UB FINANCE PLC,COMPANY::UBF,UB FINANCE PLC,LISTED_COMPANY,UBF
MERCANTILE INVESTMENTS AND FINANCE PLC,MERCANTILE INVESTMENTS AND FINANCE PLC,COMPANY::MERC,MERCANTILE INVESTMENTS AND FINANCE PLC,LISTED_COMPANY,MERC
Nilaveli Beach Hotels (Pvt) Ltd,NILAVELI BEACH HOTELS PVT LTD,UNLISTED_COMPANY::00f63e744e,NILAVELI BEACH HOTELS PVT LTD,UNLISTED_COMPANY,
The Nuwara Eliya Hotels Company PLC,THE NUWARA ELIYA HOTELS COMPANY PLC,COMPANY::NEH,THE NUWARA ELIYA HOTELS COMPANY PLC,LISTED_COMPANY,NEH
SWARNAMAHAL FINANCIAL SERVICES PLC,SWARNAMAHAL FINANCIAL SERVICES PLC,LISTED_COMPANY::5e8e5b2cec,SWARNAMAHAL FINANCIAL SERVICES PLC,LISTED_COMPANY,
CHILAW FINANCE PLC,CHILAW FINANCE PLC,LISTED_COMPANY::1d66b440ea,CHILAW FINANCE PLC,LISTED_COMPANY,
BIMPUTH LANKA INVESTMENTS PLC,BIMPUTH LANKA INVESTMENTS PLC,LISTED_COMPANY::16cd89185d,BIMPUTH LANKA INVESTMENTS PLC,LISTED_COMPANY,
Daya Group (Pvt) Ltd,DAYA GROUP PVT LTD,UNLISTED_COMPANY::8a6de7a800,DAYA GROUP PVT LTD,UNLISTED_COMPANY,
MULTI FINANCE PLC,MULTI FINANCE PLC,COMPANY::MFL,MULTI FINANCE PLC,LISTED_COMPANY,MFL
AMW CAPITAL LEASING AND FINANCE PLC,AMW CAPITAL LEASING AND FINANCE PLC,LISTED_COMPANY::9dca0dba64,AMW CAPITAL LEASING AND FINANCE PLC,LISTED_COMPANY,
Associated Motorways (Pvt) Ltd,ASSOCIATED MOTORWAYS PVT LTD,UNLISTED_COMPANY::d82890f086,ASSOCIATED MOTORWAYS PVT LTD,UNLISTED_COMPANY,
EXPOLANKA HOLDINGS PLC,EXPOLANKA HOLDINGS PLC,LISTED_COMPANY::5a61884215,EXPOLANKA HOLDINGS PLC,LISTED_COMPANY,
SG Holdings Global Pte Ltd,SG HOLDINGS GLOBAL PTE LTD,UNLISTED_COMPANY::0090ed7c98,SG HOLDINGS GLOBAL PTE LTD,UNLISTED_COMPANY,
EFL Global,EFL GLOBAL,PERSON::70428674b2,EFL GLOBAL,PERSON,
ASSOCIATED MOTOR FINANCE COMPANY PLC,ASSOCIATED MOTOR FINANCE COMPANY PLC,COMPANY::AMF,ASSOCIATED MOTOR FINANCE COMPANY PLC,LISTED_COMPANY,AMF
N.W.D.U.M. Priyantha,N W D U M PRIYANTHA,PERSON::c8a0ea6278,N W D U M PRIYANTHA,PERSON,
COMMERCIAL CREDIT AND FINANCE PLC,COMMERCIAL CREDIT AND FINANCE PLC,COMPANY::COCR,COMMERCIAL CREDIT AND FINANCE PLC,LISTED_COMPANY,COCR
BG Investments (Pvt) Ltd,BG INVESTMENTS PVT LTD,UNLISTED_COMPANY::aad8f0ff59,BG INVESTMENTS PVT LTD,UNLISTED_COMPANY,
Group Lease Holdings Pte Ltd,GROUP LEASE HOLDINGS PTE LTD,UNLISTED_COMPANY::a7144cbfff,GROUP LEASE HOLDINGS PTE LTD,UNLISTED_COMPANY,
Trade Finance & Investments PLC,TRADE FINANCE AND INVESTMENTS PLC,LISTED_COMPANY::32522f52e3,TRADE FINANCE AND INVESTMENTS PLC,LISTED_COMPANY,
ORIENT GARMENTS PLC,ORIENT GARMENTS PLC,LISTED_COMPANY::e2d2d73fcd,ORIENT GARMENTS PLC,LISTED_COMPANY,
BROWNS INVESTMENTS PLC,BROWNS INVESTMENTS PLC,COMPANY::BIL,BROWNS INVESTMENTS PLC,LISTED_COMPANY,BIL
Hapugastenne Plantations PLC,HAPUGASTENNE PLANTATIONS PLC,COMPANY::HAPU,HAPUGASTENNE PLANTATIONS PLC,LISTED_COMPANY,HAPU
